timestamp,type,strategy,regime,pnl,equity,why
2025-01-01 12:30:00,ENTRY,trend_following,RANGING,0.0,10000.0,
2025-01-01 14:30:00,EXIT,trend_following,RANGING,-39.85968646309186,9960.140313536907,stop
2025-01-01 14:30:00,ENTRY,trend_following,RANGING,0.0,9960.140313536907,
2025-01-01 18:00:00,EXIT,trend_following,RANGING,32.88492235797455,9993.025235894882,target
2025-01-01 18:00:00,ENTRY,trend_following,VOLATILE,0.0,9993.025235894882,
2025-01-01 19:45:00,EXIT,trend_following,VOLATILE,-55.24585854362237,9937.77937735126,stop
2025-01-01 19:45:00,ENTRY,trend_following,RANGING,0.0,9937.77937735126,
2025-01-02 07:30:00,EXIT,trend_following,RANGING,37.196435246050996,9974.975812597311,target
2025-01-02 07:30:00,ENTRY,mean_reversion_fade,VOLATILE,0.0,9974.975812597311,
2025-01-02 15:00:00,EXIT,mean_reversion_fade,VOLATILE,-43.61084586781863,9931.364966729492,stop
2025-01-02 15:30:00,ENTRY,trend_following,RANGING,0.0,9931.364966729492,
2025-01-02 21:15:00,EXIT,trend_following,RANGING,35.84646012722873,9967.21142685672,target
2025-01-02 21:15:00,ENTRY,trend_following,RANGING,0.0,9967.21142685672,
2025-01-02 22:45:00,EXIT,trend_following,RANGING,-36.77251905922773,9930.438907797492,stop
2025-01-02 22:45:00,ENTRY,trend_following,RANGING,0.0,9930.438907797492,
2025-01-03 00:45:00,EXIT,trend_following,RANGING,-37.20755562382623,9893.231352173665,stop
2025-01-03 00:45:00,ENTRY,trend_following,RANGING,0.0,9893.231352173665,
2025-01-03 01:45:00,EXIT,trend_following,RANGING,-39.954046520579915,9853.277305653086,stop
2025-01-03 01:45:00,ENTRY,mean_reversion_fade,VOLATILE,0.0,9853.277305653086,
2025-01-03 03:00:00,EXIT,mean_reversion_fade,VOLATILE,-42.325522326469276,9810.951783326616,stop
2025-01-03 03:30:00,ENTRY,trend_following,VOLATILE,0.0,9810.951783326616,
2025-01-03 05:15:00,EXIT,trend_following,VOLATILE,-53.23032388989374,9757.721459436723,stop
2025-01-03 05:15:00,ENTRY,trend_following,RANGING,0.0,9757.721459436723,
2025-01-03 07:30:00,EXIT,trend_following,RANGING,-34.951305784940054,9722.770153651783,stop
2025-01-03 07:30:00,ENTRY,mean_reversion_fade,RANGING,0.0,9722.770153651783,
2025-01-03 09:15:00,EXIT,mean_reversion_fade,RANGING,-38.79054006272742,9683.979613589056,stop
2025-01-03 09:15:00,ENTRY,trend_following,RANGING,0.0,9683.979613589056,
2025-01-03 14:30:00,EXIT,trend_following,RANGING,34.48187943467619,9718.461493023731,target
2025-01-03 14:30:00,ENTRY,trend_following,VOLATILE,0.0,9718.461493023731,
2025-01-04 01:30:00,EXIT,trend_following,VOLATILE,-56.837431307790816,9661.62406171594,stop
2025-01-04 03:00:00,ENTRY,momentum_breakout,RANGING,0.0,9661.62406171594,
2025-01-04 07:45:00,EXIT,momentum_breakout,RANGING,-39.63224533264712,9621.991816383294,stop
2025-01-04 07:45:00,ENTRY,trend_following,RANGING,0.0,9621.991816383294,
2025-01-04 13:30:00,EXIT,trend_following,RANGING,32.598363081303866,9654.590179464598,target
2025-01-04 13:45:00,ENTRY,mean_reversion_fade,VOLATILE,0.0,9654.590179464598,
2025-01-04 17:00:00,EXIT,mean_reversion_fade,VOLATILE,21.225330618042733,9675.81551008264,target
2025-01-04 17:00:00,ENTRY,trend_following,RANGING,0.0,9675.81551008264,
2025-01-05 00:00:00,EXIT,trend_following,RANGING,-35.81775159254923,9639.997758490092,stop
2025-01-05 12:00:00,ENTRY,momentum_breakout,RANGING,0.0,9639.997758490092,
2025-01-05 13:30:00,EXIT,momentum_breakout,RANGING,29.292854336533086,9669.290612826624,target
2025-01-05 13:30:00,ENTRY,trend_following,RANGING,0.0,9669.290612826624,
2025-01-05 19:30:00,EXIT,trend_following,RANGING,31.399926447115305,9700.690539273739,target
2025-01-05 19:30:00,ENTRY,mean_reversion_fade,RANGING,0.0,9700.690539273739,
2025-01-05 21:00:00,EXIT,mean_reversion_fade,RANGING,-38.617258121051734,9662.073281152687,stop
2025-01-05 21:00:00,ENTRY,trend_following,VOLATILE,0.0,9662.073281152687,
2025-01-06 02:15:00,EXIT,trend_following,VOLATILE,52.33088546893295,9714.40416662162,target
2025-01-06 02:15:00,ENTRY,trend_following,RANGING,0.0,9714.40416662162,
2025-01-06 05:30:00,EXIT,trend_following,RANGING,36.22639059336499,9750.630557214985,target
2025-01-06 05:30:00,ENTRY,trend_following,TRENDING,0.0,9750.630557214985,
2025-01-06 14:45:00,EXIT,trend_following,TRENDING,52.36538634400855,9802.995943558994,target
2025-01-06 15:00:00,ENTRY,trend_following,VOLATILE,0.0,9802.995943558994,
2025-01-07 00:00:00,EXIT,trend_following,VOLATILE,49.51584875146106,9852.511792310455,target
2025-01-07 00:30:00,ENTRY,trend_following,VOLATILE,0.0,9852.511792310455,
2025-01-07 01:30:00,EXIT,trend_following,VOLATILE,-51.73486263767232,9800.776929672784,stop
2025-01-07 01:30:00,ENTRY,trend_following,RANGING,0.0,9800.776929672784,
2025-01-07 05:45:00,EXIT,trend_following,RANGING,-35.768798486155006,9765.008131186629,stop
2025-01-07 07:30:00,ENTRY,trend_following,RANGING,0.0,9765.008131186629,
2025-01-07 12:45:00,EXIT,trend_following,RANGING,-36.77185707508542,9728.236274111543,stop
2025-01-07 12:45:00,ENTRY,mean_reversion_fade,RANGING,0.0,9728.236274111543,
2025-01-07 14:15:00,EXIT,mean_reversion_fade,RANGING,-38.146421607661004,9690.089852503883,stop
2025-01-07 14:15:00,ENTRY,trend_following,RANGING,0.0,9690.089852503883,
2025-01-07 16:45:00,EXIT,trend_following,RANGING,-35.737377912836145,9654.352474591047,stop
2025-01-07 16:45:00,ENTRY,trend_following,RANGING,0.0,9654.352474591047,
2025-01-07 22:15:00,EXIT,trend_following,RANGING,35.553166261583954,9689.90564085263,target
2025-01-07 23:15:00,ENTRY,trend_following,TRENDING,0.0,9689.90564085263,
2025-01-08 00:45:00,EXIT,trend_following,TRENDING,-42.872804316309,9647.032836536322,stop
2025-01-08 00:45:00,ENTRY,trend_following,RANGING,0.0,9647.032836536322,
2025-01-08 05:30:00,EXIT,trend_following,RANGING,-36.51671263061192,9610.51612390571,stop
2025-01-08 06:30:00,ENTRY,trend_following,VOLATILE,0.0,9610.51612390571,
2025-01-08 08:45:00,EXIT,trend_following,VOLATILE,50.7130368304631,9661.229160736173,target
2025-01-08 09:00:00,ENTRY,trend_following,RANGING,0.0,9661.229160736173,
2025-01-08 12:00:00,EXIT,trend_following,RANGING,-36.0159948308832,9625.21316590529,stop
2025-01-08 12:00:00,ENTRY,trend_following,RANGING,0.0,9625.21316590529,
2025-01-08 15:15:00,EXIT,trend_following,RANGING,-34.66859805169627,9590.544567853594,stop
2025-01-08 15:30:00,ENTRY,trend_following,RANGING,0.0,9590.544567853594,
2025-01-08 17:30:00,EXIT,trend_following,RANGING,-34.86000508122777,9555.684562772367,stop
2025-01-08 17:30:00,ENTRY,trend_following,RANGING,0.0,9555.684562772367,
2025-01-08 18:15:00,EXIT,trend_following,RANGING,-36.06572431202962,9519.618838460337,stop
2025-01-08 18:15:00,ENTRY,trend_following,RANGING,0.0,9519.618838460337,
2025-01-08 19:30:00,EXIT,trend_following,RANGING,-35.92943005478424,9483.689408405553,stop
2025-01-09 00:00:00,ENTRY,mean_reversion_fade,RANGING,0.0,9483.689408405553,
2025-01-09 01:30:00,EXIT,mean_reversion_fade,RANGING,15.466842352292208,9499.156250757846,target
2025-01-09 01:30:00,ENTRY,trend_following,RANGING,0.0,9499.156250757846,
2025-01-09 04:15:00,EXIT,trend_following,RANGING,-36.432447571894905,9462.72380318595,stop
2025-01-09 04:15:00,ENTRY,trend_following,VOLATILE,0.0,9462.72380318595,
2025-01-09 07:00:00,EXIT,trend_following,VOLATILE,-53.45573670815511,9409.268066477796,stop
2025-01-09 07:00:00,ENTRY,trend_following,RANGING,0.0,9409.268066477796,
2025-01-09 17:45:00,EXIT,trend_following,RANGING,34.6267347691395,9443.894801246935,target
2025-01-09 17:45:00,ENTRY,mean_reversion_fade,VOLATILE,0.0,9443.894801246935,
2025-01-09 18:30:00,EXIT,mean_reversion_fade,VOLATILE,-45.839292622411264,9398.055508624524,stop
2025-01-09 18:30:00,ENTRY,trend_following,VOLATILE,0.0,9398.055508624524,
2025-01-10 00:30:00,EXIT,trend_following,VOLATILE,-49.26071425337993,9348.794794371144,stop
2025-01-10 00:30:00,ENTRY,trend_following,RANGING,0.0,9348.794794371144,
2025-01-10 03:30:00,EXIT,trend_following,RANGING,-35.62161264697417,9313.17318172417,stop
2025-01-10 03:30:00,ENTRY,mean_reversion_fade,RANGING,0.0,9313.17318172417,
2025-01-10 05:45:00,EXIT,mean_reversion_fade,RANGING,-36.201889470343154,9276.971292253827,stop
2025-01-10 05:45:00,ENTRY,trend_following,RANGING,0.0,9276.971292253827,
2025-01-10 07:15:00,EXIT,trend_following,RANGING,-33.922375994880596,9243.048916258947,stop
2025-01-10 07:15:00,ENTRY,trend_following,VOLATILE,0.0,9243.048916258947,
2025-01-10 11:45:00,EXIT,trend_following,VOLATILE,49.175441344107085,9292.224357603054,target
2025-01-10 11:45:00,ENTRY,trend_following,TRENDING,0.0,9292.224357603054,
2025-01-10 23:00:00,EXIT,trend_following,TRENDING,37.646699385190836,9329.871056988244,target
2025-01-10 23:00:00,ENTRY,mean_reversion_fade,RANGING,0.0,9329.871056988244,
2025-01-11 00:15:00,EXIT,mean_reversion_fade,RANGING,-36.0192654250611,9293.851791563184,stop
2025-01-11 00:30:00,ENTRY,trend_following,VOLATILE,0.0,9293.851791563184,
2025-01-11 16:00:00,EXIT,trend_following,VOLATILE,-51.19529287711929,9242.656498686065,stop
2025-01-11 16:00:00,ENTRY,trend_following,RANGING,0.0,9242.656498686065,
2025-01-12 06:15:00,EXIT,trend_following,RANGING,-34.056855859240216,9208.599642826824,stop
2025-01-12 08:45:00,ENTRY,trend_following,RANGING,0.0,9208.599642826824,
2025-01-12 10:30:00,EXIT,trend_following,RANGING,-35.132861003498476,9173.466781823327,stop
2025-01-12 10:30:00,ENTRY,trend_following,RANGING,0.0,9173.466781823327,
2025-01-12 12:00:00,EXIT,trend_following,RANGING,-34.59952313831737,9138.86725868501,stop
2025-01-12 17:00:00,ENTRY,trend_following,RANGING,0.0,9138.86725868501,
2025-01-12 18:00:00,EXIT,trend_following,RANGING,-35.20567484437509,9103.661583840634,stop
2025-01-12 18:00:00,ENTRY,trend_following,RANGING,0.0,9103.661583840634,
2025-01-12 19:30:00,EXIT,trend_following,RANGING,-34.64005814875226,9069.021525691882,stop
2025-01-12 19:45:00,ENTRY,trend_following,VOLATILE,0.0,9069.021525691882,
2025-01-12 22:15:00,EXIT,trend_following,VOLATILE,-51.49020123253542,9017.531324459347,stop
2025-01-12 22:15:00,ENTRY,trend_following,VOLATILE,0.0,9017.531324459347,
2025-01-13 08:15:00,EXIT,trend_following,VOLATILE,50.79538018330834,9068.326704642655,target
2025-01-13 08:15:00,ENTRY,trend_following,RANGING,0.0,9068.326704642655,
2025-01-13 11:00:00,EXIT,trend_following,RANGING,-33.707124299504756,9034.619580343151,stop
2025-01-13 11:00:00,ENTRY,trend_following,VOLATILE,0.0,9034.619580343151,
2025-01-13 23:30:00,EXIT,trend_following,VOLATILE,-48.592353270222226,8986.02722707293,stop
2025-01-13 23:30:00,ENTRY,trend_following,RANGING,0.0,8986.02722707293,
2025-01-14 01:30:00,EXIT,trend_following,RANGING,-33.96117773927138,8952.066049333658,stop
2025-01-14 01:30:00,ENTRY,trend_following,RANGING,0.0,8952.066049333658,
2025-01-14 07:30:00,EXIT,trend_following,RANGING,32.60531794550956,8984.671367279168,target
2025-01-14 07:30:00,ENTRY,mean_reversion_fade,RANGING,0.0,8984.671367279168,
2025-01-14 09:30:00,EXIT,mean_reversion_fade,RANGING,-35.17314485862332,8949.498222420545,stop
2025-01-14 09:30:00,ENTRY,momentum_breakout,RANGING,0.0,8949.498222420545,
2025-01-14 14:15:00,EXIT,momentum_breakout,RANGING,30.461245138832716,8979.959467559378,target
2025-01-14 14:15:00,ENTRY,trend_following,RANGING,0.0,8979.959467559378,
2025-01-14 20:30:00,EXIT,trend_following,RANGING,30.074038408681137,9010.033505968058,target
2025-01-14 21:15:00,ENTRY,momentum_breakout,RANGING,0.0,9010.033505968058,
2025-01-15 00:45:00,EXIT,momentum_breakout,RANGING,-32.77012006113615,8977.263385906923,stop
2025-01-15 00:45:00,ENTRY,trend_following,RANGING,0.0,8977.263385906923,
2025-01-15 01:30:00,EXIT,trend_following,RANGING,-34.02714036762875,8943.236245539294,stop
2025-01-15 01:30:00,ENTRY,mean_reversion_fade,RANGING,0.0,8943.236245539294,
2025-01-15 02:00:00,EXIT,mean_reversion_fade,RANGING,-35.08579240234956,8908.150453136945,stop
2025-01-15 02:00:00,ENTRY,trend_following,RANGING,0.0,8908.150453136945,
2025-01-15 08:15:00,EXIT,trend_following,RANGING,-31.905414702375438,8876.245038434568,stop
2025-01-15 08:15:00,ENTRY,momentum_breakout,RANGING,0.0,8876.245038434568,
2025-01-15 10:30:00,EXIT,momentum_breakout,RANGING,-30.740762182611476,8845.504276251957,stop
2025-01-15 10:30:00,ENTRY,trend_following,RANGING,0.0,8845.504276251957,
2025-01-15 13:15:00,EXIT,trend_following,RANGING,-31.628705194950655,8813.875571057006,stop
2025-01-15 13:15:00,ENTRY,momentum_breakout,RANGING,0.0,8813.875571057006,
2025-01-15 15:00:00,EXIT,momentum_breakout,RANGING,-31.71360025809605,8782.16197079891,stop
2025-01-16 01:15:00,ENTRY,momentum_breakout,RANGING,0.0,8782.16197079891,
2025-01-16 02:45:00,EXIT,momentum_breakout,RANGING,-38.42974259188136,8743.732228207029,stop
2025-01-16 16:15:00,ENTRY,mean_reversion_fade,RANGING,0.0,8743.732228207029,
2025-01-16 17:00:00,EXIT,mean_reversion_fade,RANGING,-42.067218386175405,8701.665009820854,stop
2025-01-16 17:00:00,ENTRY,mean_reversion_fade,RANGING,0.0,8701.665009820854,
2025-01-16 18:30:00,EXIT,mean_reversion_fade,RANGING,-33.66364697829919,8668.001362842555,stop
2025-01-16 18:30:00,ENTRY,trend_following,RANGING,0.0,8668.001362842555,
2025-01-16 20:15:00,EXIT,trend_following,RANGING,-32.62158736608089,8635.379775476475,stop
2025-01-16 20:15:00,ENTRY,trend_following,RANGING,0.0,8635.379775476475,
2025-01-16 23:15:00,EXIT,trend_following,RANGING,31.29129616875432,8666.671071645229,target
2025-01-16 23:15:00,ENTRY,mean_reversion_fade,VOLATILE,0.0,8666.671071645229,
2025-01-17 03:00:00,EXIT,mean_reversion_fade,VOLATILE,-41.643479504949624,8625.027592140279,stop
2025-01-17 03:00:00,ENTRY,trend_following,TRENDING,0.0,8625.027592140279,
2025-01-17 04:00:00,EXIT,trend_following,TRENDING,-39.80653060582955,8585.22106153445,stop
2025-01-17 04:00:00,ENTRY,trend_following,RANGING,0.0,8585.22106153445,
2025-01-17 13:30:00,EXIT,trend_following,RANGING,32.13793310130619,8617.358994635757,target
2025-01-17 13:30:00,ENTRY,trend_following,RANGING,0.0,8617.358994635757,
2025-01-17 16:00:00,EXIT,trend_following,RANGING,-33.441114232934105,8583.917880402823,stop
2025-01-17 16:00:00,ENTRY,trend_following,RANGING,0.0,8583.917880402823,
2025-01-17 17:45:00,EXIT,trend_following,RANGING,-34.430158668947136,8549.487721733876,stop
2025-01-17 20:30:00,ENTRY,mean_reversion_fade,VOLATILE,0.0,8549.487721733876,
2025-01-17 21:45:00,EXIT,mean_reversion_fade,VOLATILE,-40.79745798938923,8508.690263744487,stop
2025-01-17 21:45:00,ENTRY,trend_following,RANGING,0.0,8508.690263744487,
2025-01-18 04:30:00,EXIT,trend_following,RANGING,-31.954690046649507,8476.735573697837,stop
2025-01-18 05:00:00,ENTRY,mean_reversion_fade,VOLATILE,0.0,8476.735573697837,
2025-01-18 07:30:00,EXIT,mean_reversion_fade,VOLATILE,19.01826969046015,8495.753843388296,target
2025-01-18 09:30:00,ENTRY,trend_following,RANGING,0.0,8495.753843388296,
2025-01-18 13:45:00,EXIT,trend_following,RANGING,29.994420282026624,8525.748263670323,target
2025-01-18 14:00:00,ENTRY,trend_following,RANGING,0.0,8525.748263670323,
2025-01-18 15:30:00,EXIT,trend_following,RANGING,31.308609618728763,8557.056873289052,target
2025-01-18 15:30:00,ENTRY,trend_following,VOLATILE,0.0,8557.056873289052,
2025-01-18 20:30:00,EXIT,trend_following,VOLATILE,-45.579404600042366,8511.477468689009,stop
2025-01-18 20:45:00,ENTRY,trend_following,RANGING,0.0,8511.477468689009,
2025-01-19 00:30:00,EXIT,trend_following,RANGING,29.286507845864186,8540.763976534872,target
2025-01-19 00:30:00,ENTRY,trend_following,RANGING,0.0,8540.763976534872,
2025-01-19 06:00:00,EXIT,trend_following,RANGING,-33.03676679642033,8507.727209738452,stop
2025-01-19 08:30:00,ENTRY,momentum_breakout,RANGING,0.0,8507.727209738452,
2025-01-19 16:00:00,EXIT,momentum_breakout,RANGING,-38.141648386020734,8469.58556135243,stop
2025-01-19 16:00:00,ENTRY,momentum_breakout,RANGING,0.0,8469.58556135243,
2025-01-19 23:45:00,EXIT,momentum_breakout,RANGING,-31.289109227278658,8438.296452125152,stop
2025-01-20 00:00:00,ENTRY,trend_following,RANGING,0.0,8438.296452125152,
2025-01-20 01:45:00,EXIT,trend_following,RANGING,-31.473377530698567,8406.823074594455,stop
2025-01-20 01:45:00,ENTRY,trend_following,RANGING,0.0,8406.823074594455,
2025-01-20 03:45:00,EXIT,trend_following,RANGING,-32.15239675083481,8374.67067784362,stop
2025-01-20 04:15:00,ENTRY,trend_following,RANGING,0.0,8374.67067784362,
2025-01-20 05:45:00,EXIT,trend_following,RANGING,-30.983621544640464,8343.687056298979,stop
2025-01-20 05:45:00,ENTRY,trend_following,RANGING,0.0,8343.687056298979,
2025-01-20 07:30:00,EXIT,trend_following,RANGING,-32.61591334708502,8311.071142951894,stop
2025-01-20 07:30:00,ENTRY,mean_reversion_fade,RANGING,0.0,8311.071142951894,
2025-01-20 08:45:00,EXIT,mean_reversion_fade,RANGING,-33.03709495522635,8278.034047996667,stop
2025-01-20 08:45:00,ENTRY,trend_following,RANGING,0.0,8278.034047996667,
2025-01-20 10:45:00,EXIT,trend_following,RANGING,28.400759009473163,8306.43480700614,target
2025-01-20 10:45:00,ENTRY,trend_following,RANGING,0.0,8306.43480700614,
2025-01-20 11:30:00,EXIT,trend_following,RANGING,-32.802697286212265,8273.632109719929,stop
2025-01-20 11:30:00,ENTRY,trend_following,RANGING,0.0,8273.632109719929,
2025-01-20 13:15:00,EXIT,trend_following,RANGING,25.057956831241178,8298.69006655117,target
2025-01-20 13:15:00,ENTRY,trend_following,RANGING,0.0,8298.69006655117,
2025-01-20 19:45:00,EXIT,trend_following,RANGING,28.659019066877594,8327.349085618047,target
2025-01-20 19:45:00,ENTRY,trend_following,TRENDING,0.0,8327.349085618047,
2025-01-20 21:45:00,EXIT,trend_following,TRENDING,-39.25872779894572,8288.090357819101,stop
2025-01-20 21:45:00,ENTRY,trend_following,RANGING,0.0,8288.090357819101,
2025-01-20 23:30:00,EXIT,trend_following,RANGING,28.558686128731267,8316.649043947833,target
2025-01-20 23:30:00,ENTRY,trend_following,RANGING,0.0,8316.649043947833,
2025-01-21 01:00:00,EXIT,trend_following,RANGING,26.468725241888485,8343.117769189721,target
2025-01-21 01:00:00,ENTRY,trend_following,TRENDING,0.0,8343.117769189721,
2025-01-21 07:00:00,EXIT,trend_following,TRENDING,-40.06084225359391,8303.056926936128,stop
2025-01-21 07:15:00,ENTRY,trend_following,RANGING,0.0,8303.056926936128,
2025-01-21 12:45:00,EXIT,trend_following,RANGING,-31.689629189283053,8271.367297746845,stop
2025-01-21 12:45:00,ENTRY,trend_following,RANGING,0.0,8271.367297746845,
2025-01-21 16:45:00,EXIT,trend_following,RANGING,30.123969534095036,8301.49126728094,target
2025-01-21 16:45:00,ENTRY,mean_reversion_fade,RANGING,0.0,8301.49126728094,
2025-01-21 21:45:00,EXIT,mean_reversion_fade,RANGING,23.55513640317452,8325.046403684115,target
2025-01-21 22:00:00,ENTRY,momentum_breakout,RANGING,0.0,8325.046403684115,
2025-01-22 02:00:00,EXIT,momentum_breakout,RANGING,-32.96309262726387,8292.083311056851,stop
2025-01-22 08:00:00,ENTRY,trend_following,RANGING,0.0,8292.083311056851,
2025-01-22 08:45:00,EXIT,trend_following,RANGING,-32.85647490069726,8259.226836156155,stop
2025-01-22 09:30:00,ENTRY,mean_reversion_fade,RANGING,0.0,8259.226836156155,
2025-01-22 10:00:00,EXIT,mean_reversion_fade,RANGING,-33.46678468001666,8225.760051476138,stop
2025-01-22 10:15:00,ENTRY,trend_following,RANGING,0.0,8225.760051476138,
2025-01-22 13:15:00,EXIT,trend_following,RANGING,-30.157590401280522,8195.602461074857,stop
2025-01-22 13:15:00,ENTRY,trend_following,RANGING,0.0,8195.602461074857,
2025-01-22 14:30:00,EXIT,trend_following,RANGING,-30.687968391809502,8164.914492683048,stop
2025-01-22 14:30:00,ENTRY,mean_reversion_fade,RANGING,0.0,8164.914492683048,
2025-01-22 16:45:00,EXIT,mean_reversion_fade,RANGING,26.64895033609959,8191.563443019148,target
2025-01-22 18:30:00,ENTRY,trend_following,RANGING,0.0,8191.563443019148,
2025-01-23 01:15:00,EXIT,trend_following,RANGING,30.11606055415472,8221.679503573303,target
2025-01-23 01:15:00,ENTRY,trend_following,RANGING,0.0,8221.679503573303,
2025-01-23 04:30:00,EXIT,trend_following,RANGING,-31.586234610025713,8190.093268963277,stop
2025-01-23 04:30:00,ENTRY,trend_following,VOLATILE,0.0,8190.093268963277,
2025-01-23 08:00:00,EXIT,trend_following,VOLATILE,52.58254047628148,8242.675809439559,target
2025-01-23 08:00:00,ENTRY,trend_following,RANGING,0.0,8242.675809439559,
2025-01-23 11:30:00,EXIT,trend_following,RANGING,30.056584396145325,8272.732393835704,target
2025-01-23 11:45:00,ENTRY,trend_following,RANGING,0.0,8272.732393835704,
2025-01-23 14:00:00,EXIT,trend_following,RANGING,-30.416256917405665,8242.316136918298,stop
2025-01-23 14:00:00,ENTRY,trend_following,RANGING,0.0,8242.316136918298,
2025-01-23 16:45:00,EXIT,trend_following,RANGING,-31.01590145308369,8211.300235465214,stop
2025-01-23 16:45:00,ENTRY,trend_following,RANGING,0.0,8211.300235465214,
2025-01-23 18:45:00,EXIT,trend_following,RANGING,-32.716647427959444,8178.583588037255,stop
2025-01-23 19:00:00,ENTRY,trend_following,RANGING,0.0,8178.583588037255,
2025-01-24 08:30:00,EXIT,trend_following,RANGING,29.004486869668355,8207.588074906924,target
2025-01-24 11:30:00,ENTRY,mean_reversion_fade,RANGING,0.0,8207.588074906924,
2025-01-24 13:30:00,EXIT,mean_reversion_fade,RANGING,14.481173915563065,8222.069248822487,target
2025-01-24 14:45:00,ENTRY,trend_following,RANGING,0.0,8222.069248822487,
2025-01-24 17:30:00,EXIT,trend_following,RANGING,-32.50968343966828,8189.559565382819,stop
2025-01-25 02:00:00,ENTRY,mean_reversion_fade,RANGING,0.0,8189.559565382819,
2025-01-25 04:30:00,EXIT,mean_reversion_fade,RANGING,-31.749576501337398,8157.809988881481,stop
2025-01-25 04:30:00,ENTRY,trend_following,RANGING,0.0,8157.809988881481,
2025-01-25 06:00:00,EXIT,trend_following,RANGING,-32.47797840716444,8125.332010474317,stop
2025-01-25 06:00:00,ENTRY,trend_following,VOLATILE,0.0,8125.332010474317,
2025-01-25 09:15:00,EXIT,trend_following,VOLATILE,-39.00144073100968,8086.330569743307,stop
2025-01-25 09:30:00,ENTRY,mean_reversion_fade,RANGING,0.0,8086.330569743307,
2025-01-25 12:00:00,EXIT,mean_reversion_fade,RANGING,12.89881969163489,8099.229389434942,target
2025-01-25 23:15:00,ENTRY,momentum_breakout,RANGING,0.0,8099.229389434942,
2025-01-26 11:00:00,EXIT,momentum_breakout,RANGING,-30.59590331153897,8068.633486123404,stop
2025-01-26 11:15:00,ENTRY,trend_following,RANGING,0.0,8068.633486123404,
2025-01-26 12:00:00,EXIT,trend_following,RANGING,-31.299001499242422,8037.334484624162,stop
2025-01-26 12:00:00,ENTRY,trend_following,RANGING,0.0,8037.334484624162,
2025-01-26 19:00:00,EXIT,trend_following,RANGING,-31.444848025476954,8005.889636598685,stop
2025-01-26 19:15:00,ENTRY,trend_following,RANGING,0.0,8005.889636598685,
2025-01-26 22:00:00,EXIT,trend_following,RANGING,-30.82231832314836,7975.067318275536,stop
2025-01-26 22:45:00,ENTRY,mean_reversion_fade,RANGING,0.0,7975.067318275536,
2025-01-26 23:45:00,EXIT,mean_reversion_fade,RANGING,-25.84053224559779,7949.226786029939,stop
2025-01-27 00:30:00,ENTRY,trend_following,RANGING,0.0,7949.226786029939,
2025-01-27 03:15:00,EXIT,trend_following,RANGING,-30.62019828055759,7918.606587749381,stop
2025-01-27 03:15:00,ENTRY,trend_following,VOLATILE,0.0,7918.606587749381,
2025-01-27 09:30:00,EXIT,trend_following,VOLATILE,-32.722217510041176,7885.88437023934,stop
2025-01-27 14:00:00,ENTRY,trend_following,RANGING,0.0,7885.88437023934,
2025-01-27 17:00:00,EXIT,trend_following,RANGING,-31.55283490491835,7854.3315353344215,stop
2025-01-27 18:15:00,ENTRY,mean_reversion_fade,RANGING,0.0,7854.3315353344215,
2025-01-27 19:00:00,EXIT,mean_reversion_fade,RANGING,-30.524305875860907,7823.807229458561,stop
2025-01-27 19:00:00,ENTRY,mean_reversion_fade,RANGING,0.0,7823.807229458561,
2025-01-28 12:45:00,EXIT,mean_reversion_fade,RANGING,-30.773881576636374,7793.033347881925,stop
2025-01-28 12:45:00,ENTRY,mean_reversion_fade,RANGING,0.0,7793.033347881925,
2025-01-28 16:00:00,EXIT,mean_reversion_fade,RANGING,-33.018197501634,7760.015150380291,stop
2025-01-28 16:00:00,ENTRY,trend_following,RANGING,0.0,7760.015150380291,
2025-01-28 20:45:00,EXIT,trend_following,RANGING,25.599721319853284,7785.614871700144,target
2025-01-28 21:30:00,ENTRY,trend_following,TRENDING,0.0,7785.614871700144,
2025-01-28 23:00:00,EXIT,trend_following,TRENDING,-36.34137578226858,7749.273495917876,stop
2025-01-28 23:00:00,ENTRY,trend_following,RANGING,0.0,7749.273495917876,
2025-01-28 23:45:00,EXIT,trend_following,RANGING,-31.013485607168814,7718.260010310707,stop
2025-01-28 23:45:00,ENTRY,trend_following,RANGING,0.0,7718.260010310707,
2025-01-29 12:15:00,EXIT,trend_following,RANGING,-30.698263158412608,7687.561747152295,stop
2025-01-29 12:15:00,ENTRY,mean_reversion_fade,RANGING,0.0,7687.561747152295,
2025-01-29 13:15:00,EXIT,mean_reversion_fade,RANGING,7.8346463237191895,7695.396393476014,target
2025-01-29 16:30:00,ENTRY,mean_reversion_fade,RANGING,0.0,7695.396393476014,
2025-01-29 17:30:00,EXIT,mean_reversion_fade,RANGING,-28.108554864210827,7667.287838611804,stop
2025-01-29 17:30:00,ENTRY,trend_following,RANGING,0.0,7667.287838611804,
2025-01-29 21:45:00,EXIT,trend_following,RANGING,-29.605850544668723,7637.681988067135,stop
2025-01-29 21:45:00,ENTRY,trend_following,VOLATILE,0.0,7637.681988067135,
2025-01-30 04:30:00,EXIT,trend_following,VOLATILE,-38.9588209510039,7598.723167116131,stop
2025-01-30 06:00:00,ENTRY,trend_following,RANGING,0.0,7598.723167116131,
2025-01-30 06:45:00,EXIT,trend_following,RANGING,-28.168460156362766,7570.554706959768,stop
2025-01-30 08:45:00,ENTRY,trend_following,RANGING,0.0,7570.554706959768,
2025-01-30 12:30:00,EXIT,trend_following,RANGING,25.622797736875054,7596.177504696643,target
2025-01-30 12:30:00,ENTRY,trend_following,RANGING,0.0,7596.177504696643,
2025-01-30 19:00:00,EXIT,trend_following,RANGING,-28.38420221248819,7567.793302484155,stop
2025-01-30 19:15:00,ENTRY,mean_reversion_fade,RANGING,0.0,7567.793302484155,
2025-01-30 20:30:00,EXIT,mean_reversion_fade,RANGING,7.966745976935303,7575.76004846109,target
2025-01-30 21:45:00,ENTRY,trend_following,RANGING,0.0,7575.76004846109,
2025-01-31 00:15:00,EXIT,trend_following,RANGING,-28.35016434531938,7547.409884115771,stop
2025-01-31 09:45:00,ENTRY,trend_following,RANGING,0.0,7547.409884115771,
2025-01-31 12:30:00,EXIT,trend_following,RANGING,-29.70341133545395,7517.706472780317,stop
2025-01-31 12:30:00,ENTRY,trend_following,RANGING,0.0,7517.706472780317,
2025-01-31 14:30:00,EXIT,trend_following,RANGING,-27.93357203963642,7489.772900740681,stop
2025-01-31 15:15:00,ENTRY,trend_following,RANGING,0.0,7489.772900740681,
2025-01-31 19:00:00,EXIT,trend_following,RANGING,-27.769928860530438,7462.00297188015,stop
2025-01-31 19:15:00,ENTRY,mean_reversion_fade,RANGING,0.0,7462.00297188015,
2025-01-31 20:45:00,EXIT,mean_reversion_fade,RANGING,9.942615448440433,7471.945587328591,target
2025-01-31 23:00:00,ENTRY,trend_following,RANGING,0.0,7471.945587328591,
2025-02-01 01:00:00,EXIT,trend_following,RANGING,-27.906147667902605,7444.039439660688,stop
2025-02-01 01:00:00,ENTRY,trend_following,VOLATILE,0.0,7444.039439660688,
2025-02-01 03:45:00,EXIT,trend_following,VOLATILE,-40.523283076873646,7403.516156583814,stop
2025-02-01 04:00:00,ENTRY,momentum_breakout,RANGING,0.0,7403.516156583814,
2025-02-01 12:00:00,EXIT,momentum_breakout,RANGING,25.623871749031018,7429.140028332846,target
2025-02-01 12:00:00,ENTRY,mean_reversion_fade,RANGING,0.0,7429.140028332846,
2025-02-01 12:30:00,EXIT,mean_reversion_fade,RANGING,4.811378924170723,7433.951407257016,target
2025-02-01 12:30:00,ENTRY,trend_following,TRENDING,0.0,7433.951407257016,
2025-02-01 23:15:00,EXIT,trend_following,TRENDING,-28.27224088619855,7405.679166370818,stop
2025-02-01 23:15:00,ENTRY,mean_reversion_fade,VOLATILE,0.0,7405.679166370818,
2025-02-02 03:30:00,EXIT,mean_reversion_fade,VOLATILE,-32.459506534515285,7373.2196598363025,stop
2025-02-02 04:00:00,ENTRY,mean_reversion_fade,RANGING,0.0,7373.2196598363025,
2025-02-02 16:00:00,EXIT,mean_reversion_fade,RANGING,-26.123988576506378,7347.095671259796,stop
2025-02-02 18:30:00,ENTRY,trend_following,RANGING,0.0,7347.095671259796,
2025-02-03 00:30:00,EXIT,trend_following,RANGING,25.04725785234954,7372.142929112146,target
2025-02-03 00:30:00,ENTRY,trend_following,VOLATILE,0.0,7372.142929112146,
2025-02-03 06:45:00,EXIT,trend_following,VOLATILE,36.61011842011597,7408.753047532262,target
2025-02-03 06:45:00,ENTRY,trend_following,TRENDING,0.0,7408.753047532262,
2025-02-03 10:45:00,EXIT,trend_following,TRENDING,29.67737478072111,7438.430422312983,target
2025-02-03 10:45:00,ENTRY,trend_following,TRENDING,0.0,7438.430422312983,
2025-02-03 20:00:00,EXIT,trend_following,TRENDING,-34.66781224753291,7403.76261006545,stop
2025-02-03 20:00:00,ENTRY,trend_following,RANGING,0.0,7403.76261006545,
2025-02-04 12:15:00,EXIT,trend_following,RANGING,-28.908212012726473,7374.854398052723,stop
2025-02-04 16:45:00,ENTRY,mean_reversion_fade,RANGING,0.0,7374.854398052723,
2025-02-04 17:15:00,EXIT,mean_reversion_fade,RANGING,-0.5161335564456939,7374.338264496278,target
2025-02-04 17:15:00,ENTRY,mean_reversion_fade,RANGING,0.0,7374.338264496278,
2025-02-04 18:15:00,EXIT,mean_reversion_fade,RANGING,-25.27439123286675,7349.063873263411,stop
2025-02-04 18:15:00,ENTRY,mean_reversion_fade,RANGING,0.0,7349.063873263411,
2025-02-04 19:15:00,EXIT,mean_reversion_fade,RANGING,6.43068325443007,7355.4945565178405,target
2025-02-05 00:15:00,ENTRY,mean_reversion_fade,RANGING,0.0,7355.4945565178405,
2025-02-05 04:00:00,EXIT,mean_reversion_fade,RANGING,-29.57550601943654,7325.9190504984035,stop
2025-02-05 04:00:00,ENTRY,trend_following,RANGING,0.0,7325.9190504984035,
2025-02-05 10:00:00,EXIT,trend_following,RANGING,-29.4091749152374,7296.509875583166,stop
2025-02-05 10:00:00,ENTRY,trend_following,VOLATILE,0.0,7296.509875583166,
2025-02-06 00:45:00,EXIT,trend_following,VOLATILE,-34.04009559459463,7262.469779988572,stop
2025-02-06 03:00:00,ENTRY,mean_reversion_fade,VOLATILE,0.0,7262.469779988572,
2025-02-06 08:00:00,EXIT,mean_reversion_fade,VOLATILE,7.2224785074731965,7269.692258496045,target
2025-02-06 08:00:00,ENTRY,momentum_breakout,RANGING,0.0,7269.692258496045,
2025-02-06 15:15:00,EXIT,momentum_breakout,RANGING,21.244483366944543,7290.936741862989,target
2025-02-06 15:15:00,ENTRY,trend_following,RANGING,0.0,7290.936741862989,
2025-02-06 18:15:00,EXIT,trend_following,RANGING,-28.118915273842312,7262.8178265891465,stop
2025-02-06 18:15:00,ENTRY,trend_following,RANGING,0.0,7262.8178265891465,
2025-02-06 22:15:00,EXIT,trend_following,RANGING,23.307630726177635,7286.125457315324,target
2025-02-06 22:15:00,ENTRY,mean_reversion_fade,RANGING,0.0,7286.125457315324,
2025-02-07 01:30:00,EXIT,mean_reversion_fade,RANGING,-29.078492915805302,7257.046964399518,stop
2025-02-07 01:30:00,ENTRY,trend_following,RANGING,0.0,7257.046964399518,
2025-02-07 05:30:00,EXIT,trend_following,RANGING,-29.292892051736903,7227.754072347781,stop
2025-02-07 05:30:00,ENTRY,trend_following,RANGING,0.0,7227.754072347781,
2025-02-07 10:15:00,EXIT,trend_following,RANGING,-25.438794027477083,7202.315278320304,stop
2025-02-07 10:15:00,ENTRY,mean_reversion_fade,VOLATILE,0.0,7202.315278320304,
2025-02-07 13:30:00,EXIT,mean_reversion_fade,VOLATILE,5.0328236733302685,7207.348101993634,target
2025-02-07 14:15:00,ENTRY,mean_reversion_fade,RANGING,0.0,7207.348101993634,
2025-02-07 15:45:00,EXIT,mean_reversion_fade,RANGING,-27.821201090483505,7179.526900903151,stop
2025-02-07 16:45:00,ENTRY,momentum_breakout,RANGING,0.0,7179.526900903151,
2025-02-07 18:45:00,EXIT,momentum_breakout,RANGING,-30.805312332565467,7148.7215885705855,stop
2025-02-08 05:45:00,ENTRY,mean_reversion_fade,RANGING,0.0,7148.7215885705855,
2025-02-08 08:00:00,EXIT,mean_reversion_fade,RANGING,8.80537324824512,7157.52696181883,target
2025-02-08 08:00:00,ENTRY,trend_following,RANGING,0.0,7157.52696181883,
2025-02-08 16:30:00,EXIT,trend_following,RANGING,24.251450496088147,7181.778412314919,target
2025-02-08 16:30:00,ENTRY,mean_reversion_fade,VOLATILE,0.0,7181.778412314919,
2025-02-08 17:00:00,EXIT,mean_reversion_fade,VOLATILE,-28.692598604872327,7153.085813710046,stop
2025-02-08 17:00:00,ENTRY,mean_reversion_fade,VOLATILE,0.0,7153.085813710046,
2025-02-08 23:15:00,EXIT,mean_reversion_fade,VOLATILE,18.64410581802836,7171.729919528074,target
2025-02-08 23:15:00,ENTRY,trend_following,RANGING,0.0,7171.729919528074,
2025-02-09 03:00:00,EXIT,trend_following,RANGING,-27.95815285795786,7143.771766670116,stop
2025-02-09 03:45:00,ENTRY,trend_following,RANGING,0.0,7143.771766670116,
2025-02-10 00:15:00,EXIT,trend_following,RANGING,-28.258511179682998,7115.513255490433,stop
2025-02-10 00:30:00,ENTRY,mean_reversion_fade,RANGING,0.0,7115.513255490433,
2025-02-10 02:45:00,EXIT,mean_reversion_fade,RANGING,10.54235169092357,7126.055607181356,target
2025-02-10 08:15:00,ENTRY,mean_reversion_fade,RANGING,0.0,7126.055607181356,
2025-02-10 09:00:00,EXIT,mean_reversion_fade,RANGING,6.730488601205428,7132.7860957825615,target
2025-02-10 09:00:00,ENTRY,trend_following,VOLATILE,0.0,7132.7860957825615,
2025-02-11 21:45:00,EXIT,trend_following,VOLATILE,-34.35199652266053,7098.434099259901,stop
2025-02-11 21:45:00,ENTRY,trend_following,RANGING,0.0,7098.434099259901,
2025-02-11 22:45:00,EXIT,trend_following,RANGING,-27.99881613996419,7070.435283119937,stop
2025-02-11 22:45:00,ENTRY,trend_following,VOLATILE,0.0,7070.435283119937,
2025-02-12 07:00:00,EXIT,trend_following,VOLATILE,-30.628692611372564,7039.806590508564,stop
2025-02-12 07:15:00,ENTRY,trend_following,RANGING,0.0,7039.806590508564,
2025-02-12 08:45:00,EXIT,trend_following,RANGING,15.346842484451567,7055.1534329930155,target
2025-02-12 09:00:00,ENTRY,trend_following,VOLATILE,0.0,7055.1534329930155,
2025-02-12 19:45:00,EXIT,trend_following,VOLATILE,26.799685437528666,7081.953118430544,target
2025-02-12 19:45:00,ENTRY,trend_following,RANGING,0.0,7081.953118430544,
2025-02-13 00:30:00,EXIT,trend_following,RANGING,19.09758917419893,7101.050707604743,target
2025-02-13 00:30:00,ENTRY,mean_reversion_fade,VOLATILE,0.0,7101.050707604743,
2025-02-13 05:00:00,EXIT,mean_reversion_fade,VOLATILE,-27.45983623692436,7073.590871367819,stop
2025-02-13 05:00:00,ENTRY,trend_following,TRENDING,0.0,7073.590871367819,
2025-02-13 07:15:00,EXIT,trend_following,TRENDING,-25.48303723327817,7048.107834134541,stop
2025-02-13 07:15:00,ENTRY,trend_following,RANGING,0.0,7048.107834134541,
2025-02-13 09:30:00,EXIT,trend_following,RANGING,-28.081093584277877,7020.026740550263,stop
2025-02-13 09:30:00,ENTRY,trend_following,RANGING,0.0,7020.026740550263,
2025-02-13 14:00:00,EXIT,trend_following,RANGING,21.12424839588518,7041.150988946148,target
2025-02-13 14:45:00,ENTRY,mean_reversion_fade,RANGING,0.0,7041.150988946148,
2025-02-13 16:30:00,EXIT,mean_reversion_fade,RANGING,-26.973106163494375,7014.177882782653,stop
2025-02-13 16:30:00,ENTRY,trend_following,VOLATILE,0.0,7014.177882782653,
2025-02-13 21:15:00,EXIT,trend_following,VOLATILE,-34.16168447621318,6980.01619830644,stop
2025-02-13 21:15:00,ENTRY,trend_following,RANGING,0.0,6980.01619830644,
2025-02-14 02:15:00,EXIT,trend_following,RANGING,-27.29109791899972,6952.72510038744,stop
2025-02-14 02:15:00,ENTRY,mean_reversion_fade,RANGING,0.0,6952.72510038744,
2025-02-14 02:45:00,EXIT,mean_reversion_fade,RANGING,-23.954688884323968,6928.770411503116,stop
2025-02-14 02:45:00,ENTRY,mean_reversion_fade,RANGING,0.0,6928.770411503116,
2025-02-14 05:15:00,EXIT,mean_reversion_fade,RANGING,-26.835305302160826,6901.935106200955,stop
2025-02-14 05:15:00,ENTRY,trend_following,TRENDING,0.0,6901.935106200955,
2025-02-14 11:15:00,EXIT,trend_following,TRENDING,25.915504220695286,6927.850610421649,target
2025-02-14 11:15:00,ENTRY,trend_following,TRENDING,0.0,6927.850610421649,
2025-02-14 17:30:00,EXIT,trend_following,TRENDING,23.550471096763584,6951.401081518413,target
2025-02-14 17:30:00,ENTRY,trend_following,TRENDING,0.0,6951.401081518413,
2025-02-14 21:30:00,EXIT,trend_following,TRENDING,-27.405232506166072,6923.995849012247,stop
2025-02-14 21:30:00,ENTRY,trend_following,RANGING,0.0,6923.995849012247,
2025-02-15 01:00:00,EXIT,trend_following,RANGING,-22.693791737975662,6901.302057274272,stop
2025-02-15 01:00:00,ENTRY,mean_reversion_fade,VOLATILE,0.0,6901.302057274272,
2025-02-15 04:00:00,EXIT,mean_reversion_fade,VOLATILE,3.779077433561549,6905.081134707833,target
2025-02-15 05:45:00,ENTRY,trend_following,RANGING,0.0,6905.081134707833,
2025-02-15 13:15:00,EXIT,trend_following,RANGING,17.68898499884149,6922.770119706674,target
2025-02-15 14:00:00,ENTRY,trend_following,RANGING,0.0,6922.770119706674,
2025-02-15 16:45:00,EXIT,trend_following,RANGING,-26.07379461864161,6896.696325088033,stop
2025-02-15 20:45:00,ENTRY,mean_reversion_fade,VOLATILE,0.0,6896.696325088033,
2025-02-15 21:45:00,EXIT,mean_reversion_fade,VOLATILE,19.00209909146652,6915.698424179499,target
2025-02-16 00:00:00,ENTRY,momentum_breakout,VOLATILE,0.0,6915.698424179499,
2025-02-16 01:15:00,EXIT,momentum_breakout,VOLATILE,38.774442581555334,6954.472866761054,target
2025-02-16 01:45:00,ENTRY,trend_following,VOLATILE,0.0,6954.472866761054,
2025-02-16 04:00:00,EXIT,trend_following,VOLATILE,-33.63337830379129,6920.839488457263,stop
2025-02-16 05:00:00,ENTRY,trend_following,VOLATILE,0.0,6920.839488457263,
2025-02-16 05:45:00,EXIT,trend_following,VOLATILE,-34.88080287786708,6885.958685579396,stop
2025-02-16 06:15:00,ENTRY,trend_following,RANGING,0.0,6885.958685579396,
2025-02-16 08:45:00,EXIT,trend_following,RANGING,27.66936644681088,6913.628052026207,target
2025-02-16 08:45:00,ENTRY,trend_following,RANGING,0.0,6913.628052026207,
2025-02-16 09:45:00,EXIT,trend_following,RANGING,-23.1327190336561,6890.495332992551,stop
2025-02-16 09:45:00,ENTRY,trend_following,RANGING,0.0,6890.495332992551,
2025-02-16 10:00:00,EXIT,trend_following,RANGING,-22.98879611686871,6867.506536875682,stop
2025-02-16 10:00:00,ENTRY,trend_following,RANGING,0.0,6867.506536875682,
2025-02-16 11:30:00,EXIT,trend_following,RANGING,-22.497468218737637,6845.009068656945,stop
2025-02-16 11:30:00,ENTRY,trend_following,VOLATILE,0.0,6845.009068656945,
2025-02-16 15:30:00,EXIT,trend_following,VOLATILE,-32.44298016065788,6812.566088496287,stop
2025-02-16 16:00:00,ENTRY,momentum_breakout,RANGING,0.0,6812.566088496287,
2025-02-16 17:30:00,EXIT,momentum_breakout,RANGING,-22.902137118684543,6789.663951377603,stop
2025-02-16 17:30:00,ENTRY,trend_following,RANGING,0.0,6789.663951377603,
2025-02-16 18:30:00,EXIT,trend_following,RANGING,26.569659787334196,6816.2336111649365,target
2025-02-16 18:30:00,ENTRY,momentum_breakout,RANGING,0.0,6816.2336111649365,
2025-02-16 20:45:00,EXIT,momentum_breakout,RANGING,-22.74074014916485,6793.492871015772,stop
2025-02-16 20:45:00,ENTRY,trend_following,VOLATILE,0.0,6793.492871015772,
2025-02-17 08:00:00,EXIT,trend_following,VOLATILE,48.7498086889819,6842.242679704754,target
2025-02-17 08:00:00,ENTRY,trend_following,RANGING,0.0,6842.242679704754,
2025-02-17 09:30:00,EXIT,trend_following,RANGING,-23.181637224048792,6819.061042480705,stop
2025-02-17 09:30:00,ENTRY,trend_following,RANGING,0.0,6819.061042480705,
2025-02-17 20:00:00,EXIT,trend_following,RANGING,27.24852864571693,6846.309571126421,target
2025-02-17 20:30:00,ENTRY,mean_reversion_fade,RANGING,0.0,6846.309571126421,
2025-02-17 21:00:00,EXIT,mean_reversion_fade,RANGING,-27.917142512506565,6818.3924286139145,stop
2025-02-17 21:15:00,ENTRY,trend_following,VOLATILE,0.0,6818.3924286139145,
2025-02-18 02:45:00,EXIT,trend_following,VOLATILE,-35.86977538892287,6782.522653224992,stop
2025-02-18 02:45:00,ENTRY,trend_following,RANGING,0.0,6782.522653224992,
2025-02-18 05:30:00,EXIT,trend_following,RANGING,26.478775654523503,6809.0014288795155,target
2025-02-18 05:30:00,ENTRY,trend_following,VOLATILE,0.0,6809.0014288795155,
2025-02-18 08:00:00,EXIT,trend_following,VOLATILE,41.656118649899454,6850.657547529415,target
2025-02-18 08:00:00,ENTRY,trend_following,RANGING,0.0,6850.657547529415,
2025-02-18 12:15:00,EXIT,trend_following,RANGING,-23.723972627011328,6826.933574902404,stop
2025-02-18 12:15:00,ENTRY,trend_following,RANGING,0.0,6826.933574902404,
2025-02-18 15:45:00,EXIT,trend_following,RANGING,26.973588721991547,6853.907163624395,target
2025-02-18 17:30:00,ENTRY,momentum_breakout,RANGING,0.0,6853.907163624395,
2025-02-18 18:15:00,EXIT,momentum_breakout,RANGING,-26.715801558184946,6827.19136206621,stop
2025-02-18 21:15:00,ENTRY,momentum_breakout,RANGING,0.0,6827.19136206621,
2025-02-18 23:45:00,EXIT,momentum_breakout,RANGING,-22.35794006977523,6804.8334219964345,stop
2025-02-18 23:45:00,ENTRY,trend_following,RANGING,0.0,6804.8334219964345,
2025-02-19 00:15:00,EXIT,trend_following,RANGING,-23.127190210651698,6781.706231785783,stop
2025-02-19 00:15:00,ENTRY,trend_following,RANGING,0.0,6781.706231785783,
2025-02-19 02:00:00,EXIT,trend_following,RANGING,-22.64296360449922,6759.063268181283,stop
2025-02-19 02:00:00,ENTRY,momentum_breakout,RANGING,0.0,6759.063268181283,
2025-02-19 04:45:00,EXIT,momentum_breakout,RANGING,27.380128280297754,6786.443396461581,target
2025-02-19 04:45:00,ENTRY,momentum_breakout,RANGING,0.0,6786.443396461581,
2025-02-19 07:15:00,EXIT,momentum_breakout,RANGING,27.58665076516328,6814.0300472267445,target
2025-02-19 07:15:00,ENTRY,trend_following,RANGING,0.0,6814.0300472267445,
2025-02-19 20:00:00,EXIT,trend_following,RANGING,-22.371999418383233,6791.6580478083615,stop
2025-02-19 20:00:00,ENTRY,trend_following,RANGING,0.0,6791.6580478083615,
2025-02-19 21:30:00,EXIT,trend_following,RANGING,-23.436514042619194,6768.221533765743,stop
2025-02-19 21:45:00,ENTRY,trend_following,RANGING,0.0,6768.221533765743,
2025-02-20 00:00:00,EXIT,trend_following,RANGING,27.278773642671865,6795.500307408414,target
2025-02-20 00:45:00,ENTRY,trend_following,RANGING,0.0,6795.500307408414,
2025-02-20 05:00:00,EXIT,trend_following,RANGING,-22.327618449746982,6773.172688958667,stop
2025-02-20 05:00:00,ENTRY,trend_following,RANGING,0.0,6773.172688958667,
2025-02-20 08:15:00,EXIT,trend_following,RANGING,-22.795586530871237,6750.377102427796,stop
2025-02-20 08:15:00,ENTRY,trend_following,RANGING,0.0,6750.377102427796,
2025-02-20 10:45:00,EXIT,trend_following,RANGING,-22.611330651426904,6727.765771776369,stop
2025-02-20 10:45:00,ENTRY,trend_following,RANGING,0.0,6727.765771776369,
2025-02-20 12:00:00,EXIT,trend_following,RANGING,-23.586046763753995,6704.179725012615,stop
2025-02-20 12:00:00,ENTRY,trend_following,RANGING,0.0,6704.179725012615,
2025-02-20 13:00:00,EXIT,trend_following,RANGING,-22.687489329296177,6681.4922356833185,stop
2025-02-20 13:45:00,ENTRY,trend_following,RANGING,0.0,6681.4922356833185,
2025-02-20 14:15:00,EXIT,trend_following,RANGING,-22.39394777378713,6659.098287909532,stop
2025-02-20 14:15:00,ENTRY,trend_following,VOLATILE,0.0,6659.098287909532,
2025-02-20 17:15:00,EXIT,trend_following,VOLATILE,44.44655347303011,6703.544841382562,target
2025-02-20 17:15:00,ENTRY,trend_following,RANGING,0.0,6703.544841382562,
2025-02-20 20:30:00,EXIT,trend_following,RANGING,27.060262107956024,6730.605103490518,target
2025-02-20 20:45:00,ENTRY,trend_following,RANGING,0.0,6730.605103490518,
2025-02-20 23:30:00,EXIT,trend_following,RANGING,26.53084478697815,6757.135948277496,target
2025-02-20 23:30:00,ENTRY,trend_following,TRENDING,0.0,6757.135948277496,
2025-02-21 00:00:00,EXIT,trend_following,TRENDING,-41.415194417962425,6715.720753859534,stop
2025-02-21 00:00:00,ENTRY,trend_following,RANGING,0.0,6715.720753859534,
2025-02-21 00:30:00,EXIT,trend_following,RANGING,-23.388764832356895,6692.331989027177,stop
2025-02-21 00:30:00,ENTRY,trend_following,RANGING,0.0,6692.331989027177,
2025-02-21 02:30:00,EXIT,trend_following,RANGING,26.224683105463047,6718.5566721326395,target
2025-02-21 02:30:00,ENTRY,trend_following,RANGING,0.0,6718.5566721326395,
2025-02-21 06:45:00,EXIT,trend_following,RANGING,26.46104113476229,6745.017713267402,target
2025-02-21 06:45:00,ENTRY,trend_following,RANGING,0.0,6745.017713267402,
2025-02-21 07:30:00,EXIT,trend_following,RANGING,-23.02250272828231,6721.995210539119,stop
2025-02-21 07:30:00,ENTRY,trend_following,RANGING,0.0,6721.995210539119,
2025-02-21 12:00:00,EXIT,trend_following,RANGING,-23.262905539632122,6698.7323049994875,stop
2025-02-21 12:15:00,ENTRY,trend_following,RANGING,0.0,6698.7323049994875,
2025-02-21 12:30:00,EXIT,trend_following,RANGING,-23.027418067248547,6675.704886932239,stop
2025-02-21 12:30:00,ENTRY,mean_reversion_fade,VOLATILE,0.0,6675.704886932239,
2025-02-21 14:30:00,EXIT,mean_reversion_fade,VOLATILE,-36.8690186242145,6638.835868308024,stop
2025-02-21 14:30:00,ENTRY,trend_following,VOLATILE,0.0,6638.835868308024,
2025-02-21 21:00:00,EXIT,trend_following,VOLATILE,-31.52393020950821,6607.311938098516,stop
2025-02-21 21:00:00,ENTRY,trend_following,RANGING,0.0,6607.311938098516,
2025-02-22 02:15:00,EXIT,trend_following,RANGING,-22.647511302629304,6584.664426795887,stop
2025-02-22 02:15:00,ENTRY,trend_following,RANGING,0.0,6584.664426795887,
2025-02-22 05:30:00,EXIT,trend_following,RANGING,-22.25322695849933,6562.411199837388,stop
2025-02-22 05:30:00,ENTRY,trend_following,RANGING,0.0,6562.411199837388,
2025-02-22 06:30:00,EXIT,trend_following,RANGING,-23.643001610640383,6538.768198226748,stop
2025-02-22 07:30:00,ENTRY,trend_following,RANGING,0.0,6538.768198226748,
2025-02-22 10:00:00,EXIT,trend_following,RANGING,-23.04584604868508,6515.7223521780625,stop
2025-02-22 10:00:00,ENTRY,trend_following,RANGING,0.0,6515.7223521780625,
2025-02-22 10:45:00,EXIT,trend_following,RANGING,-22.791183726253305,6492.931168451809,stop
2025-02-22 10:45:00,ENTRY,trend_following,RANGING,0.0,6492.931168451809,
2025-02-22 12:00:00,EXIT,trend_following,RANGING,-22.19102563510218,6470.740142816707,stop
2025-02-22 12:00:00,ENTRY,trend_following,RANGING,0.0,6470.740142816707,
2025-02-22 13:45:00,EXIT,trend_following,RANGING,25.17920859373694,6495.919351410444,target
2025-02-22 13:45:00,ENTRY,momentum_breakout,RANGING,0.0,6495.919351410444,
2025-02-22 20:45:00,EXIT,momentum_breakout,RANGING,25.726300142675207,6521.645651553119,target
2025-02-22 20:45:00,ENTRY,trend_following,TRENDING,0.0,6521.645651553119,
2025-02-22 22:00:00,EXIT,trend_following,TRENDING,33.21258424744764,6554.858235800567,target
2025-02-22 22:00:00,ENTRY,mean_reversion_fade,TRENDING,0.0,6554.858235800567,
2025-02-23 00:45:00,EXIT,mean_reversion_fade,TRENDING,52.42291694445425,6607.281152745021,target
2025-02-23 00:45:00,ENTRY,trend_following,RANGING,0.0,6607.281152745021,
2025-02-23 02:00:00,EXIT,trend_following,RANGING,-22.133313288568633,6585.147839456453,stop
2025-02-23 02:00:00,ENTRY,trend_following,VOLATILE,0.0,6585.147839456453,
2025-02-23 04:45:00,EXIT,trend_following,VOLATILE,39.16846132208677,6624.31630077854,target
2025-02-23 04:45:00,ENTRY,trend_following,RANGING,0.0,6624.31630077854,
2025-02-23 08:15:00,EXIT,trend_following,RANGING,-23.272542142853467,6601.043758635687,stop
2025-02-23 09:15:00,ENTRY,trend_following,RANGING,0.0,6601.043758635687,
2025-02-23 10:45:00,EXIT,trend_following,RANGING,-22.549430114971763,6578.494328520715,stop
2025-02-23 10:45:00,ENTRY,trend_following,VOLATILE,0.0,6578.494328520715,
2025-02-23 11:15:00,EXIT,trend_following,VOLATILE,-33.03753207940669,6545.456796441308,stop
2025-02-23 11:15:00,ENTRY,trend_following,VOLATILE,0.0,6545.456796441308,
2025-02-23 13:30:00,EXIT,trend_following,VOLATILE,47.20830653731024,6592.665102978618,target
2025-02-23 13:30:00,ENTRY,trend_following,VOLATILE,0.0,6592.665102978618,
2025-02-23 15:15:00,EXIT,trend_following,VOLATILE,39.90245495878653,6632.567557937405,target
2025-02-23 15:15:00,ENTRY,trend_following,RANGING,0.0,6632.567557937405,
2025-02-23 17:15:00,EXIT,trend_following,RANGING,-21.54239994143964,6611.025157995965,stop
2025-02-23 17:15:00,ENTRY,trend_following,RANGING,0.0,6611.025157995965,
2025-02-23 17:30:00,EXIT,trend_following,RANGING,-22.164828169684046,6588.860329826281,stop
2025-02-23 17:30:00,ENTRY,trend_following,RANGING,0.0,6588.860329826281,
2025-02-23 20:15:00,EXIT,trend_following,RANGING,26.525682018580866,6615.386011844861,target
2025-02-23 20:15:00,ENTRY,trend_following,RANGING,0.0,6615.386011844861,
2025-02-23 20:45:00,EXIT,trend_following,RANGING,-21.99002688231073,6593.395984962551,stop
2025-02-23 20:45:00,ENTRY,trend_following,RANGING,0.0,6593.395984962551,
2025-02-23 21:30:00,EXIT,trend_following,RANGING,-21.86852907650393,6571.5274558860465,stop
2025-02-23 21:30:00,ENTRY,trend_following,RANGING,0.0,6571.5274558860465,
2025-02-23 22:15:00,EXIT,trend_following,RANGING,-21.95110856186236,6549.576347324184,stop
2025-02-23 22:15:00,ENTRY,mean_reversion_fade,RANGING,0.0,6549.576347324184,
2025-02-24 05:45:00,EXIT,mean_reversion_fade,RANGING,-22.679157421577006,6526.897189902607,stop
2025-02-24 05:45:00,ENTRY,mean_reversion_fade,RANGING,0.0,6526.897189902607,
2025-02-24 09:00:00,EXIT,mean_reversion_fade,RANGING,-23.656128282352398,6503.241061620255,stop
2025-02-24 09:15:00,ENTRY,trend_following,RANGING,0.0,6503.241061620255,
2025-02-24 09:45:00,EXIT,trend_following,RANGING,24.16623314354412,6527.4072947638,target
2025-02-24 10:30:00,ENTRY,trend_following,RANGING,0.0,6527.4072947638,
2025-02-24 11:15:00,EXIT,trend_following,RANGING,-23.014086375597614,6504.393208388202,stop
2025-02-24 11:15:00,ENTRY,trend_following,RANGING,0.0,6504.393208388202,
2025-02-24 13:00:00,EXIT,trend_following,RANGING,-22.70270420499141,6481.690504183211,stop
2025-02-24 13:00:00,ENTRY,trend_following,VOLATILE,0.0,6481.690504183211,
2025-02-24 15:00:00,EXIT,trend_following,VOLATILE,-39.09878587801373,6442.591718305197,stop
2025-02-24 15:00:00,ENTRY,trend_following,VOLATILE,0.0,6442.591718305197,
2025-02-24 18:00:00,EXIT,trend_following,VOLATILE,-34.306234351422276,6408.285483953775,stop
2025-02-24 18:00:00,ENTRY,momentum_breakout,RANGING,0.0,6408.285483953775,
2025-02-24 23:15:00,EXIT,momentum_breakout,RANGING,-21.500118712625053,6386.7853652411495,stop
2025-02-24 23:15:00,ENTRY,trend_following,RANGING,0.0,6386.7853652411495,
2025-02-25 00:00:00,EXIT,trend_following,RANGING,-22.14291766033339,6364.642447580816,stop
2025-02-25 00:00:00,ENTRY,mean_reversion_fade,RANGING,0.0,6364.642447580816,
2025-02-25 01:45:00,EXIT,mean_reversion_fade,RANGING,-22.123574728967093,6342.518872851849,stop
2025-02-25 01:45:00,ENTRY,trend_following,RANGING,0.0,6342.518872851849,
2025-02-25 04:15:00,EXIT,trend_following,RANGING,25.179196952645277,6367.6980698044945,target
2025-02-25 04:45:00,ENTRY,trend_following,VOLATILE,0.0,6367.6980698044945,
2025-02-25 10:15:00,EXIT,trend_following,VOLATILE,-30.347884665062,6337.350185139432,stop
2025-02-25 10:15:00,ENTRY,trend_following,RANGING,0.0,6337.350185139432,
2025-02-25 12:30:00,EXIT,trend_following,RANGING,-21.441039743231656,6315.9091453962,stop
2025-02-25 12:30:00,ENTRY,trend_following,RANGING,0.0,6315.9091453962,
2025-02-25 13:30:00,EXIT,trend_following,RANGING,-20.89696480919589,6295.012180587004,stop
2025-02-25 13:30:00,ENTRY,trend_following,VOLATILE,0.0,6295.012180587004,
2025-02-25 22:30:00,EXIT,trend_following,VOLATILE,40.68029145708983,6335.692472044094,target
2025-02-25 22:30:00,ENTRY,momentum_breakout,RANGING,0.0,6335.692472044094,
2025-02-25 23:45:00,EXIT,momentum_breakout,RANGING,-20.893322798086476,6314.799149246008,stop
2025-02-25 23:45:00,ENTRY,trend_following,RANGING,0.0,6314.799149246008,
2025-02-26 08:00:00,EXIT,trend_following,RANGING,-21.04098573475084,6293.758163511257,stop
2025-02-26 08:00:00,ENTRY,mean_reversion_fade,RANGING,0.0,6293.758163511257,
2025-02-26 09:30:00,EXIT,mean_reversion_fade,RANGING,40.89840925058428,6334.656572761842,target
2025-02-26 15:15:00,ENTRY,trend_following,RANGING,0.0,6334.656572761842,
2025-02-26 18:30:00,EXIT,trend_following,RANGING,25.79663465092283,6360.453207412765,target
2025-02-26 18:30:00,ENTRY,trend_following,RANGING,0.0,6360.453207412765,
2025-02-26 22:45:00,EXIT,trend_following,RANGING,25.23436133962927,6385.687568752394,target
2025-02-26 22:45:00,ENTRY,trend_following,RANGING,0.0,6385.687568752394,
2025-02-27 03:00:00,EXIT,trend_following,RANGING,-21.395462647553803,6364.292106104841,stop
2025-02-27 03:00:00,ENTRY,trend_following,VOLATILE,0.0,6364.292106104841,
2025-02-27 14:00:00,EXIT,trend_following,VOLATILE,-31.82507594452837,6332.467030160313,stop
2025-02-27 14:00:00,ENTRY,trend_following,RANGING,0.0,6332.467030160313,
2025-02-27 17:15:00,EXIT,trend_following,RANGING,24.092562409243612,6356.559592569556,target
2025-02-27 17:15:00,ENTRY,trend_following,RANGING,0.0,6356.559592569556,
2025-02-27 23:30:00,EXIT,trend_following,RANGING,25.331693970682114,6381.891286540238,target
2025-02-27 23:30:00,ENTRY,momentum_breakout,VOLATILE,0.0,6381.891286540238,
2025-02-28 02:00:00,EXIT,momentum_breakout,VOLATILE,-30.917413763898143,6350.97387277634,stop
2025-02-28 03:00:00,ENTRY,trend_following,RANGING,0.0,6350.97387277634,
2025-02-28 03:45:00,EXIT,trend_following,RANGING,-21.196019244407136,6329.777853531932,stop
2025-02-28 03:45:00,ENTRY,trend_following,RANGING,0.0,6329.777853531932,
2025-02-28 07:30:00,EXIT,trend_following,RANGING,25.221293853663816,6354.999147385596,target
2025-02-28 09:00:00,ENTRY,momentum_breakout,RANGING,0.0,6354.999147385596,
2025-02-28 11:00:00,EXIT,momentum_breakout,RANGING,25.636524703280347,6380.635672088876,target
2025-02-28 11:15:00,ENTRY,trend_following,RANGING,0.0,6380.635672088876,
2025-02-28 15:30:00,EXIT,trend_following,RANGING,-21.497113741283922,6359.138558347592,stop
2025-02-28 15:30:00,ENTRY,trend_following,RANGING,0.0,6359.138558347592,
2025-02-28 16:45:00,EXIT,trend_following,RANGING,-22.193326223205037,6336.945232124387,stop
2025-02-28 16:45:00,ENTRY,mean_reversion_fade,RANGING,0.0,6336.945232124387,
2025-02-28 21:30:00,EXIT,mean_reversion_fade,RANGING,55.58263484058195,6392.527866964969,target
2025-02-28 21:30:00,ENTRY,trend_following,VOLATILE,0.0,6392.527866964969,
2025-03-01 06:30:00,EXIT,trend_following,VOLATILE,46.905997640614395,6439.433864605583,target
2025-03-01 06:30:00,ENTRY,mean_reversion_fade,RANGING,0.0,6439.433864605583,
2025-03-01 07:15:00,EXIT,mean_reversion_fade,RANGING,-22.73473762947564,6416.699126976107,stop
2025-03-01 07:45:00,ENTRY,trend_following,VOLATILE,0.0,6416.699126976107,
2025-03-01 10:00:00,EXIT,trend_following,VOLATILE,-35.515857599004164,6381.183269377103,stop
2025-03-01 10:00:00,ENTRY,trend_following,RANGING,0.0,6381.183269377103,
2025-03-01 11:15:00,EXIT,trend_following,RANGING,-21.29438264037084,6359.888886736732,stop
2025-03-01 11:15:00,ENTRY,trend_following,RANGING,0.0,6359.888886736732,
2025-03-01 14:45:00,EXIT,trend_following,RANGING,-21.89347138941284,6337.995415347319,stop
2025-03-01 15:00:00,ENTRY,trend_following,RANGING,0.0,6337.995415347319,
2025-03-01 15:30:00,EXIT,trend_following,RANGING,-21.308309802010797,6316.687105545308,stop
2025-03-01 15:30:00,ENTRY,mean_reversion_fade,RANGING,0.0,6316.687105545308,
2025-03-01 16:15:00,EXIT,mean_reversion_fade,RANGING,-21.650596572915095,6295.036508972394,stop
2025-03-01 17:00:00,ENTRY,trend_following,VOLATILE,0.0,6295.036508972394,
2025-03-01 21:30:00,EXIT,trend_following,VOLATILE,42.18969257720617,6337.2262015496,target
2025-03-01 22:15:00,ENTRY,trend_following,TRENDING,0.0,6337.2262015496,
2025-03-02 02:15:00,EXIT,trend_following,TRENDING,-39.23063124733768,6297.995570302262,stop
2025-03-02 02:15:00,ENTRY,trend_following,TRENDING,0.0,6297.995570302262,
2025-03-02 02:30:00,EXIT,trend_following,TRENDING,-35.35402540411078,6262.641544898152,stop
2025-03-02 02:30:00,ENTRY,trend_following,TRENDING,0.0,6262.641544898152,
2025-03-02 02:45:00,EXIT,trend_following,TRENDING,-38.746939236468485,6223.894605661683,stop
2025-03-02 02:45:00,ENTRY,trend_following,RANGING,0.0,6223.894605661683,
2025-03-02 04:30:00,EXIT,trend_following,RANGING,24.36753542639676,6248.26214108808,target
2025-03-02 04:30:00,ENTRY,trend_following,VOLATILE,0.0,6248.26214108808,
2025-03-02 18:00:00,EXIT,trend_following,VOLATILE,-34.4432218075148,6213.818919280566,stop
2025-03-02 18:00:00,ENTRY,mean_reversion_fade,RANGING,0.0,6213.818919280566,
2025-03-02 18:15:00,EXIT,mean_reversion_fade,RANGING,-24.241675191498782,6189.577244089067,stop
2025-03-02 18:15:00,ENTRY,mean_reversion_fade,RANGING,0.0,6189.577244089067,
2025-03-02 20:15:00,EXIT,mean_reversion_fade,RANGING,40.660547040181044,6230.237791129248,target
2025-03-02 21:30:00,ENTRY,momentum_breakout,RANGING,0.0,6230.237791129248,
2025-03-02 21:45:00,EXIT,momentum_breakout,RANGING,-21.185578245614217,6209.052212883634,stop
2025-03-02 21:45:00,ENTRY,trend_following,RANGING,0.0,6209.052212883634,
2025-03-02 22:45:00,EXIT,trend_following,RANGING,-21.067641422209,6187.984571461425,stop
2025-03-03 00:00:00,ENTRY,momentum_breakout,RANGING,0.0,6187.984571461425,
2025-03-03 01:30:00,EXIT,momentum_breakout,RANGING,24.469305230929354,6212.453876692354,target
2025-03-03 01:30:00,ENTRY,trend_following,RANGING,0.0,6212.453876692354,
2025-03-03 02:00:00,EXIT,trend_following,RANGING,-21.34278779258837,6191.1110888997655,stop
2025-03-03 02:00:00,ENTRY,trend_following,RANGING,0.0,6191.1110888997655,
2025-03-03 11:15:00,EXIT,trend_following,RANGING,-20.749791745392486,6170.3612971543735,stop
2025-03-03 11:15:00,ENTRY,momentum_breakout,RANGING,0.0,6170.3612971543735,
2025-03-03 19:15:00,EXIT,momentum_breakout,RANGING,27.52006156555252,6197.881358719926,target
2025-03-03 20:30:00,ENTRY,mean_reversion_fade,RANGING,0.0,6197.881358719926,
2025-03-03 22:00:00,EXIT,mean_reversion_fade,RANGING,-21.8159549274199,6176.065403792506,stop
2025-03-03 22:00:00,ENTRY,trend_following,RANGING,0.0,6176.065403792506,
2025-03-04 02:30:00,EXIT,trend_following,RANGING,-21.18575233955014,6154.879651452956,stop
2025-03-04 03:00:00,ENTRY,trend_following,VOLATILE,0.0,6154.879651452956,
2025-03-04 06:00:00,EXIT,trend_following,VOLATILE,-32.964279385037074,6121.915372067919,stop
2025-03-04 06:00:00,ENTRY,momentum_breakout,RANGING,0.0,6121.915372067919,
2025-03-04 10:00:00,EXIT,momentum_breakout,RANGING,24.3714929405681,6146.2868650084865,target
2025-03-04 10:00:00,ENTRY,trend_following,RANGING,0.0,6146.2868650084865,
2025-03-04 11:30:00,EXIT,trend_following,RANGING,-20.5917495333472,6125.69511547514,stop
2025-03-04 11:30:00,ENTRY,trend_following,RANGING,0.0,6125.69511547514,
2025-03-04 15:30:00,EXIT,trend_following,RANGING,-20.397676426175494,6105.297439048964,stop
2025-03-04 15:30:00,ENTRY,trend_following,RANGING,0.0,6105.297439048964,
2025-03-04 16:30:00,EXIT,trend_following,RANGING,-20.45413791900175,6084.843301129963,stop
2025-03-04 16:30:00,ENTRY,momentum_breakout,RANGING,0.0,6084.843301129963,
2025-03-04 17:30:00,EXIT,momentum_breakout,RANGING,24.146256119885606,6108.989557249849,target
2025-03-04 17:45:00,ENTRY,trend_following,VOLATILE,0.0,6108.989557249849,
2025-03-04 23:00:00,EXIT,trend_following,VOLATILE,37.39405208974796,6146.383609339597,target
2025-03-04 23:15:00,ENTRY,trend_following,RANGING,0.0,6146.383609339597,
2025-03-05 01:15:00,EXIT,trend_following,RANGING,23.915881406016563,6170.299490745613,target
2025-03-05 01:15:00,ENTRY,trend_following,TRENDING,0.0,6170.299490745613,
2025-03-05 02:45:00,EXIT,trend_following,TRENDING,-37.648878930921214,6132.650611814692,stop
2025-03-05 02:45:00,ENTRY,trend_following,RANGING,0.0,6132.650611814692,
2025-03-05 05:30:00,EXIT,trend_following,RANGING,23.919600388979077,6156.570212203671,target
2025-03-05 05:45:00,ENTRY,trend_following,RANGING,0.0,6156.570212203671,
2025-03-05 08:15:00,EXIT,trend_following,RANGING,-21.389383613394937,6135.180828590276,stop
2025-03-05 08:15:00,ENTRY,trend_following,RANGING,0.0,6135.180828590276,
2025-03-05 11:45:00,EXIT,trend_following,RANGING,23.821693290499454,6159.002521880776,target
2025-03-05 11:45:00,ENTRY,trend_following,RANGING,0.0,6159.002521880776,
2025-03-05 13:15:00,EXIT,trend_following,RANGING,-20.453965966992595,6138.548555913783,stop
2025-03-05 13:15:00,ENTRY,trend_following,VOLATILE,0.0,6138.548555913783,
2025-03-06 02:30:00,EXIT,trend_following,VOLATILE,36.855297466791505,6175.403853380575,target
2025-03-06 02:45:00,ENTRY,trend_following,VOLATILE,0.0,6175.403853380575,
2025-03-06 10:00:00,EXIT,trend_following,VOLATILE,-31.567021485527924,6143.836831895047,stop
2025-03-06 10:00:00,ENTRY,trend_following,RANGING,0.0,6143.836831895047,
2025-03-06 10:15:00,EXIT,trend_following,RANGING,-23.313737261085034,6120.523094633962,stop
2025-03-06 11:00:00,ENTRY,momentum_breakout,RANGING,0.0,6120.523094633962,
2025-03-06 12:45:00,EXIT,momentum_breakout,RANGING,24.063050099715323,6144.5861447336765,target
2025-03-06 12:45:00,ENTRY,trend_following,VOLATILE,0.0,6144.5861447336765,
2025-03-06 13:45:00,EXIT,trend_following,VOLATILE,-31.770388167171376,6112.815756566505,stop
2025-03-06 13:45:00,ENTRY,trend_following,VOLATILE,0.0,6112.815756566505,
2025-03-06 20:45:00,EXIT,trend_following,VOLATILE,36.42996933003302,6149.245725896538,target
2025-03-06 20:45:00,ENTRY,trend_following,TRENDING,0.0,6149.245725896538,
2025-03-06 21:30:00,EXIT,trend_following,TRENDING,-37.12097806555107,6112.124747830987,stop
2025-03-06 21:30:00,ENTRY,trend_following,RANGING,0.0,6112.124747830987,
2025-03-06 22:30:00,EXIT,trend_following,RANGING,24.30373295559266,6136.42848078658,target
2025-03-06 22:30:00,ENTRY,trend_following,VOLATILE,0.0,6136.42848078658,
2025-03-06 23:30:00,EXIT,trend_following,VOLATILE,39.12340061593247,6175.551881402512,target
2025-03-06 23:45:00,ENTRY,trend_following,VOLATILE,0.0,6175.551881402512,
2025-03-07 07:45:00,EXIT,trend_following,VOLATILE,39.73575338802686,6215.2876347905385,target
2025-03-07 07:45:00,ENTRY,trend_following,RANGING,0.0,6215.2876347905385,
2025-03-07 08:00:00,EXIT,trend_following,RANGING,-21.422684380583952,6193.864950409955,stop
2025-03-07 08:00:00,ENTRY,trend_following,RANGING,0.0,6193.864950409955,
2025-03-07 08:30:00,EXIT,trend_following,RANGING,-20.89687664639325,6172.968073763562,stop
2025-03-07 08:30:00,ENTRY,trend_following,RANGING,0.0,6172.968073763562,
2025-03-07 14:00:00,EXIT,trend_following,RANGING,24.51096061281842,6197.47903437638,target
2025-03-07 14:00:00,ENTRY,momentum_breakout,RANGING,0.0,6197.47903437638,
2025-03-07 23:45:00,EXIT,momentum_breakout,RANGING,24.973690479206464,6222.452724855586,target
2025-03-07 23:45:00,ENTRY,trend_following,RANGING,0.0,6222.452724855586,
2025-03-08 01:30:00,EXIT,trend_following,RANGING,-20.64741463072171,6201.805310224864,stop
2025-03-08 01:30:00,ENTRY,trend_following,RANGING,0.0,6201.805310224864,
2025-03-08 09:45:00,EXIT,trend_following,RANGING,25.094056118129853,6226.899366342994,target
2025-03-08 10:00:00,ENTRY,trend_following,RANGING,0.0,6226.899366342994,
2025-03-08 12:45:00,EXIT,trend_following,RANGING,25.566215504231717,6252.465581847226,target
2025-03-08 12:45:00,ENTRY,trend_following,RANGING,0.0,6252.465581847226,
2025-03-08 13:30:00,EXIT,trend_following,RANGING,-20.727263985458144,6231.738317861767,stop
2025-03-08 13:30:00,ENTRY,trend_following,RANGING,0.0,6231.738317861767,
2025-03-08 15:30:00,EXIT,trend_following,RANGING,25.234204102873925,6256.972521964642,target
2025-03-08 15:30:00,ENTRY,trend_following,RANGING,0.0,6256.972521964642,
2025-03-08 16:00:00,EXIT,trend_following,RANGING,-20.879030144808755,6236.093491819833,stop
2025-03-08 16:00:00,ENTRY,trend_following,RANGING,0.0,6236.093491819833,
2025-03-09 00:45:00,EXIT,trend_following,RANGING,-20.407512388031783,6215.685979431801,stop
2025-03-09 00:45:00,ENTRY,trend_following,RANGING,0.0,6215.685979431801,
2025-03-09 04:00:00,EXIT,trend_following,RANGING,-21.555303902488138,6194.130675529313,stop
2025-03-09 10:15:00,ENTRY,trend_following,RANGING,0.0,6194.130675529313,
2025-03-09 10:45:00,EXIT,trend_following,RANGING,-21.631900871064595,6172.498774658248,stop
2025-03-09 12:45:00,ENTRY,trend_following,RANGING,0.0,6172.498774658248,
2025-03-09 17:00:00,EXIT,trend_following,RANGING,23.854175649286855,6196.352950307535,target
2025-03-09 17:15:00,ENTRY,trend_following,RANGING,0.0,6196.352950307535,
2025-03-09 17:45:00,EXIT,trend_following,RANGING,-21.043052906502766,6175.309897401033,stop
2025-03-09 17:45:00,ENTRY,trend_following,RANGING,0.0,6175.309897401033,
2025-03-09 23:30:00,EXIT,trend_following,RANGING,-21.129453856626093,6154.180443544406,stop
2025-03-10 00:00:00,ENTRY,momentum_breakout,RANGING,0.0,6154.180443544406,
2025-03-10 07:15:00,EXIT,momentum_breakout,RANGING,25.944661783052208,6180.125105327459,target
2025-03-10 07:15:00,ENTRY,momentum_breakout,RANGING,0.0,6180.125105327459,
2025-03-10 12:45:00,EXIT,momentum_breakout,RANGING,24.406085139955145,6204.5311904674145,target
2025-03-10 13:30:00,ENTRY,trend_following,RANGING,0.0,6204.5311904674145,
2025-03-10 13:45:00,EXIT,trend_following,RANGING,-21.958787098748044,6182.5724033686665,stop
2025-03-10 13:45:00,ENTRY,trend_following,RANGING,0.0,6182.5724033686665,
2025-03-10 14:15:00,EXIT,trend_following,RANGING,-21.490560991617492,6161.081842377049,stop
2025-03-10 14:15:00,ENTRY,trend_following,RANGING,0.0,6161.081842377049,
2025-03-10 16:45:00,EXIT,trend_following,RANGING,-21.02620467653916,6140.05563770051,stop
2025-03-10 17:00:00,ENTRY,trend_following,VOLATILE,0.0,6140.05563770051,
2025-03-11 04:00:00,EXIT,trend_following,VOLATILE,42.096003811506876,6182.151641512017,target
2025-03-11 04:45:00,ENTRY,trend_following,VOLATILE,0.0,6182.151641512017,
2025-03-11 06:30:00,EXIT,trend_following,VOLATILE,-28.91620023682774,6153.235441275189,stop
2025-03-11 06:30:00,ENTRY,trend_following,VOLATILE,0.0,6153.235441275189,
2025-03-12 08:15:00,EXIT,trend_following,VOLATILE,33.940996864161896,6187.176438139351,target
2025-03-12 10:00:00,ENTRY,trend_following,VOLATILE,0.0,6187.176438139351,
2025-03-14 00:45:00,EXIT,trend_following,VOLATILE,31.11535888800037,6218.291797027352,target
2025-03-14 00:45:00,ENTRY,trend_following,RANGING,0.0,6218.291797027352,
2025-03-14 02:00:00,EXIT,trend_following,RANGING,-24.79988436399313,6193.491912663359,stop
2025-03-14 02:00:00,ENTRY,trend_following,RANGING,0.0,6193.491912663359,
2025-03-14 10:45:00,EXIT,trend_following,RANGING,21.22181956283259,6214.7137322261915,target
2025-03-14 12:15:00,ENTRY,trend_following,RANGING,0.0,6214.7137322261915,
2025-03-14 13:15:00,EXIT,trend_following,RANGING,-24.02199529515722,6190.691736931034,stop
2025-03-14 13:15:00,ENTRY,momentum_breakout,RANGING,0.0,6190.691736931034,
2025-03-14 15:30:00,EXIT,momentum_breakout,RANGING,-23.577705547779445,6167.114031383255,stop
2025-03-14 15:30:00,ENTRY,trend_following,RANGING,0.0,6167.114031383255,
2025-03-14 18:30:00,EXIT,trend_following,RANGING,-24.11267440280252,6143.001356980452,stop
2025-03-14 18:30:00,ENTRY,mean_reversion_fade,RANGING,0.0,6143.001356980452,
2025-03-14 20:00:00,EXIT,mean_reversion_fade,RANGING,5.531395930114495,6148.532752910567,target
2025-03-14 22:45:00,ENTRY,momentum_breakout,RANGING,0.0,6148.532752910567,
2025-03-15 08:15:00,EXIT,momentum_breakout,RANGING,-26.649320918657764,6121.88343199191,stop
2025-03-15 08:15:00,ENTRY,trend_following,RANGING,0.0,6121.88343199191,
2025-03-15 09:15:00,EXIT,trend_following,RANGING,-24.733917280968143,6097.149514710942,stop
2025-03-15 17:00:00,ENTRY,mean_reversion_fade,RANGING,0.0,6097.149514710942,
2025-03-15 17:45:00,EXIT,mean_reversion_fade,RANGING,-23.51574878840963,6073.633765922532,stop
2025-03-15 18:15:00,ENTRY,trend_following,RANGING,0.0,6073.633765922532,
2025-03-15 19:30:00,EXIT,trend_following,RANGING,-23.989627585345126,6049.644138337187,stop
2025-03-15 19:30:00,ENTRY,trend_following,RANGING,0.0,6049.644138337187,
2025-03-16 01:45:00,EXIT,trend_following,RANGING,-23.091234620377993,6026.552903716809,stop
2025-03-16 19:30:00,ENTRY,mean_reversion_fade,RANGING,0.0,6026.552903716809,
2025-03-16 23:45:00,EXIT,mean_reversion_fade,RANGING,-24.114315854001262,6002.438587862807,stop
2025-03-17 00:15:00,ENTRY,trend_following,RANGING,0.0,6002.438587862807,
2025-03-17 06:00:00,EXIT,trend_following,RANGING,20.189426838615407,6022.628014701422,target
2025-03-17 06:00:00,ENTRY,trend_following,TRENDING,0.0,6022.628014701422,
2025-03-17 13:30:00,EXIT,trend_following,TRENDING,20.812337389211958,6043.440352090634,target
2025-03-17 14:00:00,ENTRY,trend_following,RANGING,0.0,6043.440352090634,
2025-03-18 04:30:00,EXIT,trend_following,RANGING,15.063673869164006,6058.504025959798,target
2025-03-18 04:30:00,ENTRY,mean_reversion_fade,RANGING,0.0,6058.504025959798,
2025-03-18 05:45:00,EXIT,mean_reversion_fade,RANGING,7.269921085398373,6065.773947045196,target
2025-03-18 07:45:00,ENTRY,trend_following,VOLATILE,0.0,6065.773947045196,
2025-03-18 14:00:00,EXIT,trend_following,VOLATILE,26.908365834655424,6092.682312879851,target
2025-03-18 14:00:00,ENTRY,trend_following,RANGING,0.0,6092.682312879851,
2025-03-18 20:00:00,EXIT,trend_following,RANGING,21.736395671236508,6114.418708551088,target
2025-03-18 20:00:00,ENTRY,trend_following,TRENDING,0.0,6114.418708551088,
2025-03-18 23:45:00,EXIT,trend_following,TRENDING,-28.440708290440046,6085.978000260648,stop
2025-03-18 23:45:00,ENTRY,trend_following,RANGING,0.0,6085.978000260648,
2025-03-19 01:45:00,EXIT,trend_following,RANGING,20.309941966905377,6106.287942227553,target
2025-03-19 01:45:00,ENTRY,trend_following,VOLATILE,0.0,6106.287942227553,
2025-03-19 14:45:00,EXIT,trend_following,VOLATILE,-29.895577779123528,6076.392364448429,stop
2025-03-19 14:45:00,ENTRY,mean_reversion_fade,VOLATILE,0.0,6076.392364448429,
2025-03-19 15:30:00,EXIT,mean_reversion_fade,VOLATILE,1.6858418537141273,6078.078206302143,target
2025-03-19 15:45:00,ENTRY,trend_following,VOLATILE,0.0,6078.078206302143,
2025-03-19 19:00:00,EXIT,trend_following,VOLATILE,-28.318525364973873,6049.75968093717,stop
2025-03-20 02:00:00,ENTRY,mean_reversion_fade,VOLATILE,0.0,6049.75968093717,
2025-03-20 09:45:00,EXIT,mean_reversion_fade,VOLATILE,5.5599833214881045,6055.319664258658,target
2025-03-20 10:15:00,ENTRY,mean_reversion_fade,VOLATILE,0.0,6055.319664258658,
2025-03-20 16:45:00,EXIT,mean_reversion_fade,VOLATILE,5.478079429505398,6060.797743688164,target
2025-03-21 00:45:00,ENTRY,trend_following,RANGING,0.0,6060.797743688164,
2025-03-21 02:15:00,EXIT,trend_following,RANGING,-22.255081590581575,6038.542662097582,stop
2025-03-21 02:15:00,ENTRY,trend_following,RANGING,0.0,6038.542662097582,
2025-03-21 10:15:00,EXIT,trend_following,RANGING,17.464031656641698,6056.006693754224,target
2025-03-21 10:15:00,ENTRY,trend_following,RANGING,0.0,6056.006693754224,
2025-03-21 13:15:00,EXIT,trend_following,RANGING,-23.710315063498477,6032.296378690726,stop
2025-03-21 20:00:00,ENTRY,mean_reversion_fade,VOLATILE,0.0,6032.296378690726,
2025-03-21 22:15:00,EXIT,mean_reversion_fade,VOLATILE,-23.73347395893853,6008.562904731787,stop
2025-03-21 22:15:00,ENTRY,trend_following,RANGING,0.0,6008.562904731787,
2025-03-22 17:00:00,EXIT,trend_following,RANGING,-23.228641053405923,5985.334263678381,stop
2025-03-22 17:00:00,ENTRY,mean_reversion_fade,VOLATILE,0.0,5985.334263678381,
2025-03-23 00:45:00,EXIT,mean_reversion_fade,VOLATILE,4.202043892216809,5989.536307570598,target
2025-03-23 01:00:00,ENTRY,mean_reversion_fade,RANGING,0.0,5989.536307570598,
2025-03-23 02:45:00,EXIT,mean_reversion_fade,RANGING,12.315685957930894,6001.851993528529,target
2025-03-23 05:00:00,ENTRY,trend_following,RANGING,0.0,6001.851993528529,
2025-03-23 07:00:00,EXIT,trend_following,RANGING,-23.95821771558899,5977.8937758129405,stop
2025-03-23 08:00:00,ENTRY,mean_reversion_fade,RANGING,0.0,5977.8937758129405,
2025-03-23 09:15:00,EXIT,mean_reversion_fade,RANGING,3.8267960895996493,5981.7205719025405,target
2025-03-23 09:15:00,ENTRY,trend_following,RANGING,0.0,5981.7205719025405,
2025-03-23 14:45:00,EXIT,trend_following,RANGING,-22.669931636443366,5959.050640266098,stop
2025-03-23 15:00:00,ENTRY,mean_reversion_fade,RANGING,0.0,5959.050640266098,
2025-03-23 19:15:00,EXIT,mean_reversion_fade,RANGING,10.532111994394219,5969.582752260492,target
2025-03-24 10:15:00,ENTRY,trend_following,RANGING,0.0,5969.582752260492,
2025-03-24 14:15:00,EXIT,trend_following,RANGING,-23.597874069541277,5945.984878190951,stop
2025-03-24 17:30:00,ENTRY,trend_following,VOLATILE,0.0,5945.984878190951,
2025-03-24 21:15:00,EXIT,trend_following,VOLATILE,22.07458070914941,5968.059458900101,target
2025-03-24 21:15:00,ENTRY,trend_following,RANGING,0.0,5968.059458900101,
2025-03-25 01:45:00,EXIT,trend_following,RANGING,20.926438762972143,5988.985897663073,target
2025-03-25 01:45:00,ENTRY,trend_following,TRENDING,0.0,5988.985897663073,
2025-03-25 16:15:00,EXIT,trend_following,TRENDING,-26.831098214353634,5962.154799448719,stop
2025-03-25 23:45:00,ENTRY,trend_following,RANGING,0.0,5962.154799448719,
2025-03-26 09:45:00,EXIT,trend_following,RANGING,17.198301319681445,5979.3531007684005,target
2025-03-26 09:45:00,ENTRY,trend_following,RANGING,0.0,5979.3531007684005,
2025-03-26 11:00:00,EXIT,trend_following,RANGING,13.913950911935608,5993.267051680336,target
2025-03-26 11:00:00,ENTRY,trend_following,VOLATILE,0.0,5993.267051680336,
2025-03-26 13:15:00,EXIT,trend_following,VOLATILE,21.13599370858231,6014.403045388919,target
2025-03-26 13:15:00,ENTRY,trend_following,VOLATILE,0.0,6014.403045388919,
2025-03-27 15:30:00,EXIT,trend_following,VOLATILE,25.2015612946588,6039.604606683578,target
2025-03-27 15:30:00,ENTRY,mean_reversion_fade,RANGING,0.0,6039.604606683578,
2025-03-27 17:15:00,EXIT,mean_reversion_fade,RANGING,-22.75129093569258,6016.853315747885,stop
2025-03-27 17:15:00,ENTRY,trend_following,RANGING,0.0,6016.853315747885,
2025-03-27 18:00:00,EXIT,trend_following,RANGING,-20.576688806684512,5996.2766269412,stop
2025-03-27 18:00:00,ENTRY,trend_following,RANGING,0.0,5996.2766269412,
2025-03-28 02:45:00,EXIT,trend_following,RANGING,18.719369654235887,6014.995996595437,target
2025-03-28 02:45:00,ENTRY,mean_reversion_fade,RANGING,0.0,6014.995996595437,
2025-03-28 05:45:00,EXIT,mean_reversion_fade,RANGING,3.4000064752233667,6018.39600307066,target
2025-03-28 05:45:00,ENTRY,trend_following,RANGING,0.0,6018.39600307066,
2025-03-28 12:30:00,EXIT,trend_following,RANGING,-23.439983634270767,5994.956019436389,stop
2025-03-28 13:00:00,ENTRY,mean_reversion_fade,RANGING,0.0,5994.956019436389,
2025-03-28 14:30:00,EXIT,mean_reversion_fade,RANGING,-21.880871322180425,5973.075148114209,stop
2025-03-28 14:30:00,ENTRY,trend_following,RANGING,0.0,5973.075148114209,
2025-03-29 00:30:00,EXIT,trend_following,RANGING,-23.16217163285571,5949.912976481353,stop
2025-03-29 06:15:00,ENTRY,trend_following,RANGING,0.0,5949.912976481353,
2025-03-29 10:15:00,EXIT,trend_following,RANGING,20.596495956049953,5970.509472437403,target
2025-03-29 10:15:00,ENTRY,trend_following,RANGING,0.0,5970.509472437403,
2025-03-29 18:00:00,EXIT,trend_following,RANGING,-22.45948645568077,5948.049985981722,stop
2025-03-29 19:00:00,ENTRY,mean_reversion_fade,RANGING,0.0,5948.049985981722,
2025-03-29 20:00:00,EXIT,mean_reversion_fade,RANGING,7.127857241726563,5955.177843223449,target
2025-03-29 22:15:00,ENTRY,trend_following,RANGING,0.0,5955.177843223449,
2025-03-30 01:45:00,EXIT,trend_following,RANGING,-22.67588986432831,5932.50195335912,stop
2025-03-30 01:45:00,ENTRY,trend_following,VOLATILE,0.0,5932.50195335912,
2025-03-30 14:00:00,EXIT,trend_following,VOLATILE,23.307236311585473,5955.809189670706,target
2025-03-30 15:15:00,ENTRY,trend_following,RANGING,0.0,5955.809189670706,
2025-03-31 02:30:00,EXIT,trend_following,RANGING,21.589291737437268,5977.398481408143,target
2025-03-31 02:30:00,ENTRY,trend_following,RANGING,0.0,5977.398481408143,
2025-03-31 05:15:00,EXIT,trend_following,RANGING,16.344013106412557,5993.742494514556,target
2025-03-31 05:45:00,ENTRY,trend_following,VOLATILE,0.0,5993.742494514556,
2025-03-31 08:00:00,EXIT,trend_following,VOLATILE,-30.05401764337588,5963.68847687118,stop
2025-03-31 08:00:00,ENTRY,trend_following,RANGING,0.0,5963.68847687118,
2025-03-31 10:00:00,EXIT,trend_following,RANGING,-23.663624654805087,5940.024852216375,stop
2025-03-31 14:00:00,ENTRY,trend_following,RANGING,0.0,5940.024852216375,
2025-04-01 13:00:00,EXIT,trend_following,RANGING,21.261184353434594,5961.286036569809,target
2025-04-01 13:00:00,ENTRY,trend_following,RANGING,0.0,5961.286036569809,
2025-04-01 18:30:00,EXIT,trend_following,RANGING,20.063246945885176,5981.349283515694,target
2025-04-01 18:30:00,ENTRY,trend_following,TRENDING,0.0,5981.349283515694,
2025-04-01 19:15:00,EXIT,trend_following,TRENDING,-27.14471851205296,5954.204565003641,stop
2025-04-01 19:15:00,ENTRY,trend_following,RANGING,0.0,5954.204565003641,
2025-04-01 21:30:00,EXIT,trend_following,RANGING,-22.49954003567317,5931.705024967968,stop
2025-04-01 21:30:00,ENTRY,trend_following,RANGING,0.0,5931.705024967968,
2025-04-02 11:45:00,EXIT,trend_following,RANGING,-22.3385384225652,5909.366486545403,stop
2025-04-02 11:45:00,ENTRY,mean_reversion_fade,VOLATILE,0.0,5909.366486545403,
2025-04-02 13:00:00,EXIT,mean_reversion_fade,VOLATILE,6.880357722482303,5916.2468442678855,target
2025-04-02 15:45:00,ENTRY,trend_following,RANGING,0.0,5916.2468442678855,
2025-04-02 20:45:00,EXIT,trend_following,RANGING,-23.531103362082266,5892.715740905804,stop
2025-04-02 21:30:00,ENTRY,trend_following,RANGING,0.0,5892.715740905804,
2025-04-02 23:00:00,EXIT,trend_following,RANGING,-22.098452249256,5870.617288656547,stop
2025-04-03 06:30:00,ENTRY,trend_following,RANGING,0.0,5870.617288656547,
2025-04-03 10:00:00,EXIT,trend_following,RANGING,21.020062615230145,5891.637351271777,target
2025-04-03 10:00:00,ENTRY,mean_reversion_fade,RANGING,0.0,5891.637351271777,
2025-04-03 16:30:00,EXIT,mean_reversion_fade,RANGING,15.080955265854822,5906.718306537632,target
2025-04-03 17:15:00,ENTRY,trend_following,RANGING,0.0,5906.718306537632,
2025-04-03 18:30:00,EXIT,trend_following,RANGING,-22.687766186489206,5884.030540351143,stop
2025-04-03 23:30:00,ENTRY,trend_following,RANGING,0.0,5884.030540351143,
2025-04-04 00:45:00,EXIT,trend_following,RANGING,-20.364820823807353,5863.665719527336,stop
2025-04-04 00:45:00,ENTRY,trend_following,RANGING,0.0,5863.665719527336,
2025-04-04 04:00:00,EXIT,trend_following,RANGING,18.43376217725894,5882.099481704595,target
2025-04-04 04:00:00,ENTRY,mean_reversion_fade,VOLATILE,0.0,5882.099481704595,
2025-04-04 08:00:00,EXIT,mean_reversion_fade,VOLATILE,9.321135473482318,5891.420617178077,target
2025-04-04 08:00:00,ENTRY,trend_following,RANGING,0.0,5891.420617178077,
